Squadra,Giornata,PPDA,Casa/Trasferta,Anno
Verona,1,15.333333333333334,Casa,2024-25
Verona,2,19.375,Casa,2024-25
Verona,3,13.61904761904762,Trasferta,2024-25
Verona,4,18.764705882352946,Trasferta,2024-25
Verona,5,33.46153846153846,Casa,2024-25
Verona,6,11.09375,Trasferta,2024-25
Verona,7,8.869565217391305,Casa,2024-25
Verona,8,10.090909090909092,Casa,2024-25
Verona,9,18.363636363636363,Trasferta,2024-25
Verona,10,12.958333333333334,Trasferta,2024-25
Verona,11,13.782608695652174,Casa,2024-25
Verona,12,10.636363636363637,Trasferta,2024-25
Verona,13,32.8235294117647,Casa,2024-25
Verona,14,13.090909090909092,Trasferta,2024-25
Verona,15,12.4,Casa,2024-25
Verona,16,10.73913043478261,Trasferta,2024-25
Verona,17,10.22222222222222,Casa,2024-25
Verona,18,8.923076923076923,Trasferta,2024-25
Verona,19,9.807692307692308,Casa,2024-25
Verona,20,50.375,Trasferta,2024-25
Verona,21,14.964285714285714,Casa,2024-25
Verona,22,5.470588235294118,Trasferta,2024-25
Verona,23,8.96875,Trasferta,2024-25
Verona,24,22.529411764705884,Casa,2024-25
Verona,25,13.523809523809524,Trasferta,2024-25
Verona,26,10.620689655172416,Casa,2024-25
Verona,27,40.25,Trasferta,2024-25
Verona,28,12.185185185185183,Casa,2024-25
Verona,29,14.38095238095238,Trasferta,2024-25
Verona,30,14.0,Casa,2024-25
Roma,1,10.68421052631579,Trasferta,2024-25
Roma,2,5.85,Casa,2024-25
Roma,3,10.714285714285714,Trasferta,2024-25
Roma,4,16.46153846153846,Trasferta,2024-25
Roma,5,8.91304347826087,Casa,2024-25
Roma,6,7.588235294117647,Casa,2024-25
Roma,7,5.862068965517241,Trasferta,2024-25
Roma,8,13.68421052631579,Casa,2024-25
Roma,9,7.846153846153846,Trasferta,2024-25
Roma,10,13.9,Casa,2024-25
Roma,11,5.7407407407407405,Trasferta,2024-25
Roma,12,9.08,Casa,2024-25
Roma,13,14.428571428571429,Trasferta,2024-25
Roma,14,9.344827586206897,Casa,2024-25
Roma,15,7.758620689655173,Casa,2024-25
Roma,16,8.55,Trasferta,2024-25
Roma,17,10.8,Casa,2024-25
Roma,18,24.875,Trasferta,2024-25
Roma,19,28.1,Casa,2024-25
Roma,20,16.692307692307693,Trasferta,2024-25
Roma,21,14.478260869565217,Casa,2024-25
Roma,22,15.235294117647058,Trasferta,2024-25
Roma,23,20.928571428571427,Casa,2024-25
Roma,24,8.3,Trasferta,2024-25
Roma,25,9.294117647058824,Trasferta,2024-25
Roma,26,14.736842105263158,Casa,2024-25
Roma,27,13.703703703703704,Casa,2024-25
Roma,28,13.235294117647058,Trasferta,2024-25
Roma,29,27.22222222222222,Casa,2024-25
Roma,30,9.55,Trasferta,2024-25
Lazio,1,5.884615384615385,Casa,2024-25
Lazio,2,6.2,Trasferta,2024-25
Lazio,3,13.571428571428571,Casa,2024-25
Lazio,4,10.884615384615383,Casa,2024-25
Lazio,5,10.727272727272728,Trasferta,2024-25
Lazio,6,10.724137931034482,Trasferta,2024-25
Lazio,7,5.266666666666667,Casa,2024-25
Lazio,8,23.266666666666666,Trasferta,2024-25
Lazio,9,8.461538461538462,Casa,2024-25
Lazio,10,10.041666666666666,Trasferta,2024-25
Lazio,11,9.28,Casa,2024-25
Lazio,12,18.22222222222222,Trasferta,2024-25
Lazio,13,5.166666666666667,Casa,2024-25
Lazio,14,4.25,Trasferta,2024-25
Lazio,15,20.8125,Trasferta,2024-25
Lazio,16,14.565217391304348,Casa,2024-25
Lazio,17,9.318181818181818,Trasferta,2024-25
Lazio,18,16.36842105263158,Casa,2024-25
Lazio,19,9.095238095238097,Trasferta,2024-25
Lazio,20,10.461538461538462,Casa,2024-25
Lazio,21,10.4,Trasferta,2024-25
Lazio,22,6.739130434782608,Casa,2024-25
Lazio,23,16.818181818181817,Trasferta,2024-25
Lazio,24,10.956521739130435,Casa,2024-25
Lazio,25,16.176470588235293,Casa,2024-25
Lazio,26,8.526315789473685,Trasferta,2024-25
Lazio,27,21.0,Trasferta,2024-25
Lazio,28,19.133333333333333,Casa,2024-25
Lazio,29,20.066666666666663,Trasferta,2024-25
Lazio,30,9.545454545454543,Casa,2024-25
Bologna,1,4.045454545454546,Casa,2024-25
Bologna,2,6.03125,Trasferta,2024-25
Bologna,3,4.774193548387097,Casa,2024-25
Bologna,4,9.52,Trasferta,2024-25
Bologna,5,8.266666666666667,Trasferta,2024-25
Bologna,6,13.789473684210526,Casa,2024-25
Bologna,7,6.166666666666667,Casa,2024-25
Bologna,8,10.23076923076923,Trasferta,2024-25
Bologna,9,9.478260869565217,Trasferta,2024-25
Bologna,10,4.291666666666667,Casa,2024-25
Bologna,11,8.875,Trasferta,2024-25
Bologna,12,20.944444444444443,Trasferta,2024-25
Bologna,13,4.7,Casa,2024-25
Bologna,14,7.852941176470588,Trasferta,2024-25
Bologna,15,6.115384615384615,Casa,2024-25
Bologna,16,8.32,Trasferta,2024-25
Bologna,17,6.352941176470588,Casa,2024-25
Bologna,18,13.65,Casa,2024-25
Bologna,19,9.576923076923077,Trasferta,2024-25
Bologna,20,6.605263157894737,Casa,2024-25
Bologna,21,6.157894736842105,Trasferta,2024-25
Bologna,22,5.057692307692308,Casa,2024-25
Bologna,23,6.208333333333333,Trasferta,2024-25
Bologna,24,11.666666666666666,Casa,2024-25
Bologna,25,3.321428571428572,Trasferta,2024-25
Bologna,26,7.222222222222222,Casa,2024-25
Bologna,27,8.05,Casa,2024-25
Bologna,28,4.7407407407407405,Trasferta,2024-25
Bologna,29,9.516129032258064,Casa,2024-25
Bologna,30,5.8,Trasferta,2024-25
Juventus,1,15.25,Casa,2024-25
Juventus,2,12.235294117647058,Trasferta,2024-25
Juventus,3,16.58823529411765,Casa,2024-25
Juventus,4,13.785714285714286,Trasferta,2024-25
Juventus,5,8.909090909090908,Casa,2024-25
Juventus,6,9.428571428571429,Trasferta,2024-25
Juventus,7,6.666666666666667,Casa,2024-25
Juventus,8,7.5,Casa,2024-25
Juventus,9,16.266666666666666,Trasferta,2024-25
Juventus,10,11.3,Casa,2024-25
Juventus,11,8.227272727272727,Trasferta,2024-25
Juventus,12,15.6,Casa,2024-25
Juventus,13,12.3,Trasferta,2024-25
Juventus,14,12.052631578947368,Trasferta,2024-25
Juventus,15,6.888888888888889,Casa,2024-25
Juventus,16,11.6875,Casa,2024-25
Juventus,17,9.64,Trasferta,2024-25
Juventus,18,7.190476190476191,Casa,2024-25
Juventus,19,12.333333333333334,Trasferta,2024-25
Juventus,20,16.545454545454547,Trasferta,2024-25
Juventus,21,5.6,Casa,2024-25
Juventus,22,9.96,Trasferta,2024-25
Juventus,23,5.266666666666667,Casa,2024-25
Juventus,24,6.257142857142857,Trasferta,2024-25
Juventus,25,11.925925925925926,Casa,2024-25
Juventus,26,7.791666666666667,Trasferta,2024-25
Juventus,27,6.470588235294118,Casa,2024-25
Juventus,28,8.434782608695652,Casa,2024-25
Juventus,29,10.947368421052632,Trasferta,2024-25
Juventus,30,8.866666666666667,Casa,2024-25
Udinese,1,23.714285714285715,Trasferta,2024-25
Udinese,2,11.217391304347826,Casa,2024-25
Udinese,3,9.464285714285714,Casa,2024-25
Udinese,4,12.61904761904762,Trasferta,2024-25
Udinese,5,19.823529411764707,Trasferta,2024-25
Udinese,6,18.904761904761905,Casa,2024-25
Udinese,7,5.72972972972973,Casa,2024-25
Udinese,8,11.105263157894736,Trasferta,2024-25
Udinese,9,7.84,Casa,2024-25
Udinese,10,12.0,Trasferta,2024-25
Udinese,11,21.33333333333333,Casa,2024-25
Udinese,12,8.592592592592593,Trasferta,2024-25
Udinese,13,7.809523809523809,Trasferta,2024-25
Udinese,14,17.529411764705884,Casa,2024-25
Udinese,15,17.3125,Trasferta,2024-25
Udinese,16,15.8,Casa,2024-25
Udinese,17,13.75,Trasferta,2024-25
Udinese,18,11.541666666666666,Casa,2024-25
Udinese,19,5.884615384615385,Trasferta,2024-25
Udinese,20,14.8,Casa,2024-25
Udinese,21,6.918918918918919,Trasferta,2024-25
Udinese,22,13.545454545454543,Casa,2024-25
Udinese,23,5.033333333333333,Casa,2024-25
Udinese,24,33.6,Trasferta,2024-25
Udinese,25,7.230769230769231,Casa,2024-25
Udinese,26,9.318181818181818,Trasferta,2024-25
Udinese,27,16.545454545454547,Casa,2024-25
Udinese,28,21.916666666666668,Trasferta,2024-25
Udinese,29,5.458333333333333,Casa,2024-25
Udinese,30,19.38888888888889,Trasferta,2024-25
Genoa,1,18.73333333333333,Casa,2024-25
Genoa,2,15.916666666666666,Trasferta,2024-25
Genoa,3,12.357142857142858,Casa,2024-25
Genoa,4,8.571428571428571,Casa,2024-25
Genoa,5,8.208333333333334,Trasferta,2024-25
Genoa,6,20.473684210526315,Casa,2024-25
Genoa,7,15.61111111111111,Trasferta,2024-25
Genoa,8,9.785714285714286,Casa,2024-25
Genoa,9,24.857142857142858,Trasferta,2024-25
Genoa,10,13.681818181818182,Casa,2024-25
Genoa,11,8.884615384615385,Trasferta,2024-25
Genoa,12,9.74074074074074,Casa,2024-25
Genoa,13,10.863636363636363,Casa,2024-25
Genoa,14,7.264705882352941,Trasferta,2024-25
Genoa,15,11.333333333333334,Casa,2024-25
Genoa,16,11.923076923076923,Trasferta,2024-25
Genoa,17,14.703703703703704,Casa,2024-25
Genoa,18,10.84,Trasferta,2024-25
Genoa,19,11.961538461538462,Trasferta,2024-25
Genoa,20,6.769230769230769,Casa,2024-25
Genoa,21,21.5,Trasferta,2024-25
Genoa,22,6.142857142857143,Casa,2024-25
Genoa,23,11.285714285714286,Trasferta,2024-25
Genoa,24,12.391304347826088,Trasferta,2024-25
Genoa,25,4.555555555555555,Casa,2024-25
Genoa,26,13.583333333333334,Trasferta,2024-25
Genoa,27,6.133333333333334,Casa,2024-25
Genoa,28,7.48,Trasferta,2024-25
Genoa,29,10.958333333333334,Casa,2024-25
Genoa,30,7.59375,Trasferta,2024-25
Napoli,1,6.227272727272728,Trasferta,2024-25
Napoli,2,19.125,Casa,2024-25
Napoli,3,13.263157894736842,Casa,2024-25
Napoli,4,10.666666666666666,Trasferta,2024-25
Napoli,5,16.071428571428573,Trasferta,2024-25
Napoli,6,12.884615384615383,Casa,2024-25
Napoli,7,17.75,Casa,2024-25
Napoli,8,11.80952380952381,Trasferta,2024-25
Napoli,9,6.9523809523809526,Casa,2024-25
Napoli,10,18.41176470588235,Trasferta,2024-25
Napoli,11,12.615384615384617,Casa,2024-25
Napoli,12,16.41176470588235,Trasferta,2024-25
Napoli,13,11.176470588235292,Casa,2024-25
Napoli,14,21.818181818181817,Trasferta,2024-25
Napoli,15,8.612903225806452,Casa,2024-25
Napoli,16,5.909090909090909,Trasferta,2024-25
Napoli,17,13.411764705882351,Trasferta,2024-25
Napoli,18,6.55,Casa,2024-25
Napoli,19,9.238095238095235,Trasferta,2024-25
Napoli,20,8.045454545454545,Casa,2024-25
Napoli,21,14.5,Trasferta,2024-25
Napoli,22,14.5,Casa,2024-25
Napoli,23,19.266666666666666,Trasferta,2024-25
Napoli,24,12.857142857142858,Casa,2024-25
Napoli,25,7.676470588235294,Trasferta,2024-25
Napoli,26,7.739130434782608,Trasferta,2024-25
Napoli,27,19.272727272727277,Casa,2024-25
Napoli,28,14.5,Casa,2024-25
Napoli,29,7.3125,Trasferta,2024-25
Napoli,30,16.066666666666666,Casa,2024-25
Inter,1,7.555555555555555,Trasferta,2024-25
Inter,2,11.35,Casa,2024-25
Inter,3,15.23076923076923,Casa,2024-25
Inter,4,6.941176470588236,Trasferta,2024-25
Inter,5,11.0,Casa,2024-25
Inter,6,14.764705882352942,Trasferta,2024-25
Inter,7,4.842105263157895,Casa,2024-25
Inter,8,15.263157894736842,Trasferta,2024-25
Inter,9,21.23076923076923,Casa,2024-25
Inter,10,5.2727272727272725,Trasferta,2024-25
Inter,11,11.05,Casa,2024-25
Inter,12,6.771428571428571,Casa,2024-25
Inter,13,14.6,Trasferta,2024-25
Inter,14,17.428571428571427,Casa,2024-25
Inter,15,12.857142857142858,Trasferta,2024-25
Inter,16,6.0,Casa,2024-25
Inter,17,13.75,Trasferta,2024-25
Inter,18,10.61904761904762,Trasferta,2024-25
Inter,19,11.238095238095235,Casa,2024-25
Inter,20,6.5,Casa,2024-25
Inter,21,14.3,Trasferta,2024-25
Inter,22,10.63157894736842,Trasferta,2024-25
Inter,23,7.944444444444445,Trasferta,2024-25
Inter,24,7.884615384615385,Casa,2024-25
Inter,25,7.3076923076923075,Trasferta,2024-25
Inter,26,12.875,Casa,2024-25
Inter,27,16.58823529411765,Trasferta,2024-25
Inter,28,6.482758620689655,Casa,2024-25
Inter,29,10.304347826086955,Trasferta,2024-25
Inter,30,13.733333333333333,Casa,2024-25
Atalanta,1,9.36,Trasferta,2024-25
Atalanta,2,10.5,Trasferta,2024-25
Atalanta,3,16.5,Trasferta,2024-25
Atalanta,4,9.36,Casa,2024-25
Atalanta,5,10.08695652173913,Casa,2024-25
Atalanta,6,7.666666666666667,Trasferta,2024-25
Atalanta,7,11.68421052631579,Casa,2024-25
Atalanta,8,11.27777777777778,Trasferta,2024-25
Atalanta,9,10.05,Casa,2024-25
Atalanta,10,9.696969696969695,Casa,2024-25
Atalanta,11,15.666666666666666,Trasferta,2024-25
Atalanta,12,10.0,Casa,2024-25
Atalanta,13,13.952380952380953,Trasferta,2024-25
Atalanta,14,13.65,Trasferta,2024-25
Atalanta,15,13.583333333333334,Casa,2024-25
Atalanta,16,11.61111111111111,Trasferta,2024-25
Atalanta,17,12.785714285714286,Casa,2024-25
Atalanta,18,8.217391304347826,Trasferta,2024-25
Atalanta,19,8.172413793103448,Trasferta,2024-25
Atalanta,20,9.607142857142858,Casa,2024-25
Atalanta,21,7.388888888888889,Casa,2024-25
Atalanta,22,13.38095238095238,Trasferta,2024-25
Atalanta,23,10.473684210526317,Casa,2024-25
Atalanta,24,18.08333333333333,Trasferta,2024-25
Atalanta,25,10.37037037037037,Casa,2024-25
Atalanta,26,8.0,Trasferta,2024-25
Atalanta,27,7.48,Casa,2024-25
Atalanta,28,20.31578947368421,Trasferta,2024-25
Atalanta,29,12.363636363636363,Casa,2024-25
Atalanta,30,11.045454545454543,Trasferta,2024-25
Empoli,1,10.035714285714286,Casa,2024-25
Empoli,2,18.57894736842105,Trasferta,2024-25
Empoli,3,13.8,Trasferta,2024-25
Empoli,4,20.272727272727277,Casa,2024-25
Empoli,5,12.578947368421051,Trasferta,2024-25
Empoli,6,15.909090909090908,Casa,2024-25
Empoli,7,9.826086956521738,Trasferta,2024-25
Empoli,8,10.833333333333334,Casa,2024-25
Empoli,9,16.38888888888889,Trasferta,2024-25
Empoli,10,31.25,Casa,2024-25
Empoli,11,9.733333333333333,Casa,2024-25
Empoli,12,7.366666666666666,Trasferta,2024-25
Empoli,13,23.47058823529412,Casa,2024-25
Empoli,14,12.61904761904762,Trasferta,2024-25
Empoli,15,11.5,Trasferta,2024-25
Empoli,16,8.85,Casa,2024-25
Empoli,17,16.4,Trasferta,2024-25
Empoli,18,6.8,Casa,2024-25
Empoli,19,6.138888888888889,Trasferta,2024-25
Empoli,20,6.193548387096774,Casa,2024-25
Empoli,21,28.642857142857142,Trasferta,2024-25
Empoli,22,8.178571428571429,Casa,2024-25
Empoli,23,10.61904761904762,Trasferta,2024-25
Empoli,24,9.464285714285714,Casa,2024-25
Empoli,25,9.066666666666666,Trasferta,2024-25
Empoli,26,17.285714285714285,Casa,2024-25
Empoli,27,8.310344827586206,Trasferta,2024-25
Empoli,28,20.61111111111111,Casa,2024-25
Empoli,29,8.869565217391305,Trasferta,2024-25
Empoli,30,14.521739130434783,Trasferta,2024-25
Fiorentina,1,10.916666666666666,Trasferta,2024-25
Fiorentina,2,8.851851851851851,Casa,2024-25
Fiorentina,3,9.210526315789474,Casa,2024-25
Fiorentina,4,12.45,Trasferta,2024-25
Fiorentina,5,16.428571428571427,Casa,2024-25
Fiorentina,6,7.208333333333333,Trasferta,2024-25
Fiorentina,7,16.1875,Casa,2024-25
Fiorentina,8,9.833333333333334,Trasferta,2024-25
Fiorentina,9,20.176470588235293,Casa,2024-25
Fiorentina,10,14.0,Trasferta,2024-25
Fiorentina,11,30.181818181818183,Trasferta,2024-25
Fiorentina,12,11.428571428571429,Casa,2024-25
Fiorentina,13,15.652173913043478,Trasferta,2024-25
Fiorentina,14,12.695652173913045,Casa,2024-25
Fiorentina,15,8.409090909090908,Trasferta,2024-25
Fiorentina,16,19.25,Casa,2024-25
Fiorentina,17,15.523809523809524,Trasferta,2024-25
Fiorentina,18,9.033333333333331,Casa,2024-25
Fiorentina,19,7.863636363636363,Trasferta,2024-25
Fiorentina,20,8.655172413793103,Casa,2024-25
Fiorentina,21,20.73333333333333,Trasferta,2024-25
Fiorentina,22,9.52,Casa,2024-25
Fiorentina,23,22.933333333333334,Casa,2024-25
Fiorentina,24,19.916666666666668,Trasferta,2024-25
Fiorentina,25,11.96,Casa,2024-25
Fiorentina,26,13.8,Trasferta,2024-25
Fiorentina,27,16.4375,Casa,2024-25
Fiorentina,28,23.75,Trasferta,2024-25
Fiorentina,29,17.789473684210527,Casa,2024-25
Fiorentina,30,36.85714285714285,Casa,2024-25
AC Milan,1,16.58823529411765,Casa,2024-25
AC Milan,2,8.666666666666666,Trasferta,2024-25
AC Milan,3,12.578947368421051,Trasferta,2024-25
AC Milan,4,9.11111111111111,Casa,2024-25
AC Milan,5,37.0,Trasferta,2024-25
AC Milan,6,13.333333333333334,Casa,2024-25
AC Milan,7,5.851851851851852,Trasferta,2024-25
AC Milan,8,22.5,Casa,2024-25
AC Milan,9,7.129032258064516,Casa,2024-25
AC Milan,10,11.181818181818182,Trasferta,2024-25
AC Milan,11,13.75,Trasferta,2024-25
AC Milan,12,12.066666666666666,Casa,2024-25
AC Milan,13,8.3,Casa,2024-25
AC Milan,14,26.77777777777778,Trasferta,2024-25
AC Milan,15,11.521739130434783,Casa,2024-25
AC Milan,16,9.666666666666666,Trasferta,2024-25
AC Milan,17,11.954545454545457,Casa,2024-25
AC Milan,18,7.1,Casa,2024-25
AC Milan,19,6.114285714285714,Trasferta,2024-25
AC Milan,20,16.842105263157894,Trasferta,2024-25
AC Milan,21,8.380952380952381,Casa,2024-25
AC Milan,22,15.869565217391305,Casa,2024-25
AC Milan,23,7.75,Trasferta,2024-25
AC Milan,24,4.411764705882353,Casa,2024-25
AC Milan,25,11.461538461538462,Trasferta,2024-25
AC Milan,26,11.041666666666666,Trasferta,2024-25
AC Milan,27,9.16,Casa,2024-25
AC Milan,28,11.6,Trasferta,2024-25
AC Milan,29,9.307692307692308,Casa,2024-25
AC Milan,30,21.8,Trasferta,2024-25
Torino,1,41.66666666666666,Trasferta,2024-25
Torino,2,16.0,Casa,2024-25
Torino,3,8.346153846153847,Trasferta,2024-25
Torino,4,9.125,Casa,2024-25
Torino,5,7.739130434782608,Trasferta,2024-25
Torino,6,6.655172413793103,Casa,2024-25
Torino,7,53.5,Trasferta,2024-25
Torino,8,18.63636363636364,Trasferta,2024-25
Torino,9,16.208333333333332,Casa,2024-25
Torino,10,15.0,Trasferta,2024-25
Torino,11,13.22222222222222,Casa,2024-25
Torino,12,14.863636363636363,Trasferta,2024-25
Torino,13,9.814814814814817,Casa,2024-25
Torino,14,12.346153846153848,Casa,2024-25
Torino,15,9.666666666666666,Trasferta,2024-25
Torino,16,11.85,Trasferta,2024-25
Torino,17,15.3,Casa,2024-25
Torino,18,17.5,Trasferta,2024-25
Torino,19,11.944444444444445,Casa,2024-25
Torino,20,12.961538461538462,Casa,2024-25
Torino,21,13.210526315789474,Trasferta,2024-25
Torino,22,13.38888888888889,Casa,2024-25
Torino,23,22.53333333333333,Trasferta,2024-25
Torino,24,10.043478260869565,Casa,2024-25
Torino,25,17.615384615384617,Trasferta,2024-25
Torino,26,15.4375,Casa,2024-25
Torino,27,10.3,Trasferta,2024-25
Torino,28,13.8,Trasferta,2024-25
Torino,29,18.444444444444443,Casa,2024-25
Torino,30,10.037037037037036,Trasferta,2024-25
Cagliari,1,9.346153846153848,Casa,2024-25
Cagliari,2,12.05,Casa,2024-25
Cagliari,3,3.857142857142857,Trasferta,2024-25
Cagliari,4,8.88,Casa,2024-25
Cagliari,5,5.739130434782608,Casa,2024-25
Cagliari,6,22.466666666666665,Trasferta,2024-25
Cagliari,7,45.1,Trasferta,2024-25
Cagliari,8,23.666666666666668,Casa,2024-25
Cagliari,9,23.692307692307693,Trasferta,2024-25
Cagliari,10,11.321428571428571,Casa,2024-25
Cagliari,11,15.421052631578949,Trasferta,2024-25
Cagliari,12,29.33333333333333,Casa,2024-25
Cagliari,13,16.176470588235293,Trasferta,2024-25
Cagliari,14,8.6,Casa,2024-25
Cagliari,15,8.714285714285714,Trasferta,2024-25
Cagliari,16,13.08695652173913,Casa,2024-25
Cagliari,17,5.583333333333333,Trasferta,2024-25
Cagliari,18,33.72727272727273,Casa,2024-25
Cagliari,19,10.090909090909092,Trasferta,2024-25
Cagliari,20,19.53846153846154,Trasferta,2024-25
Cagliari,21,12.666666666666666,Casa,2024-25
Cagliari,22,15.2,Trasferta,2024-25
Cagliari,23,19.38888888888889,Casa,2024-25
Cagliari,24,17.235294117647058,Casa,2024-25
Cagliari,25,20.384615384615383,Trasferta,2024-25
Cagliari,26,27.384615384615383,Casa,2024-25
Cagliari,27,10.678571428571429,Trasferta,2024-25
Cagliari,28,14.411764705882351,Casa,2024-25
Cagliari,29,20.42105263157895,Trasferta,2024-25
Cagliari,30,8.0,Casa,2024-25
Parma Calcio 1913,1,10.208333333333334,Casa,2024-25
Parma Calcio 1913,2,26.454545454545453,Casa,2024-25
Parma Calcio 1913,3,21.857142857142858,Trasferta,2024-25
Parma Calcio 1913,4,21.53846153846154,Casa,2024-25
Parma Calcio 1913,5,8.181818181818182,Trasferta,2024-25
Parma Calcio 1913,6,14.857142857142858,Casa,2024-25
Parma Calcio 1913,7,14.3,Trasferta,2024-25
Parma Calcio 1913,8,19.666666666666668,Trasferta,2024-25
Parma Calcio 1913,9,11.68421052631579,Casa,2024-25
Parma Calcio 1913,10,29.5,Trasferta,2024-25
Parma Calcio 1913,11,17.0,Casa,2024-25
Parma Calcio 1913,12,18.823529411764707,Trasferta,2024-25
Parma Calcio 1913,13,16.94736842105263,Casa,2024-25
Parma Calcio 1913,14,12.583333333333334,Casa,2024-25
Parma Calcio 1913,15,36.11111111111112,Trasferta,2024-25
Parma Calcio 1913,16,17.272727272727273,Casa,2024-25
Parma Calcio 1913,17,29.454545454545453,Trasferta,2024-25
Parma Calcio 1913,18,10.458333333333334,Casa,2024-25
Parma Calcio 1913,19,27.5,Trasferta,2024-25
Parma Calcio 1913,20,15.0,Trasferta,2024-25
Parma Calcio 1913,21,7.1923076923076925,Casa,2024-25
Parma Calcio 1913,22,20.846153846153847,Trasferta,2024-25
Parma Calcio 1913,23,26.07692307692308,Casa,2024-25
Parma Calcio 1913,24,8.545454545454545,Trasferta,2024-25
Parma Calcio 1913,25,21.94736842105263,Casa,2024-25
Parma Calcio 1913,26,24.153846153846157,Casa,2024-25
Parma Calcio 1913,27,50.0,Trasferta,2024-25
Parma Calcio 1913,28,8.625,Casa,2024-25
Parma Calcio 1913,29,12.26086956521739,Trasferta,2024-25
Parma Calcio 1913,30,11.8,Trasferta,2024-25
Lecce,1,15.333333333333334,Casa,2024-25
Lecce,2,28.07692307692308,Trasferta,2024-25
Lecce,3,8.28,Casa,2024-25
Lecce,4,20.928571428571427,Trasferta,2024-25
Lecce,5,21.727272727272727,Casa,2024-25
Lecce,6,23.0,Trasferta,2024-25
Lecce,7,8.535714285714286,Trasferta,2024-25
Lecce,8,22.33333333333333,Casa,2024-25
Lecce,9,15.933333333333334,Trasferta,2024-25
Lecce,10,9.55,Casa,2024-25
Lecce,11,11.227272727272728,Trasferta,2024-25
Lecce,12,8.894736842105264,Casa,2024-25
Lecce,13,12.571428571428571,Trasferta,2024-25
Lecce,14,16.47826086956522,Casa,2024-25
Lecce,15,10.551724137931034,Trasferta,2024-25
Lecce,16,6.962962962962963,Casa,2024-25
Lecce,17,16.352941176470587,Casa,2024-25
Lecce,18,12.26086956521739,Trasferta,2024-25
Lecce,19,5.838709677419355,Casa,2024-25
Lecce,20,5.066666666666666,Trasferta,2024-25
Lecce,21,14.294117647058824,Trasferta,2024-25
Lecce,22,9.27777777777778,Casa,2024-25
Lecce,23,14.866666666666667,Trasferta,2024-25
Lecce,24,11.782608695652174,Casa,2024-25
Lecce,25,12.541666666666666,Trasferta,2024-25
Lecce,26,8.620689655172415,Casa,2024-25
Lecce,27,10.434782608695652,Trasferta,2024-25
Lecce,28,14.954545454545457,Casa,2024-25
Lecce,29,9.05,Trasferta,2024-25
Lecce,30,15.4,Casa,2024-25
Venezia,1,20.0,Trasferta,2024-25
Venezia,2,10.0,Trasferta,2024-25
Venezia,3,16.055555555555557,Casa,2024-25
Venezia,4,20.73684210526316,Trasferta,2024-25
Venezia,5,13.38888888888889,Casa,2024-25
Venezia,6,25.545454545454547,Trasferta,2024-25
Venezia,7,15.272727272727272,Trasferta,2024-25
Venezia,8,12.625,Casa,2024-25
Venezia,9,9.333333333333334,Trasferta,2024-25
Venezia,10,8.32,Casa,2024-25
Venezia,11,16.5625,Trasferta,2024-25
Venezia,12,7.333333333333333,Casa,2024-25
Venezia,13,9.095238095238097,Casa,2024-25
Venezia,14,13.9,Trasferta,2024-25
Venezia,15,9.761904761904765,Casa,2024-25
Venezia,16,37.81818181818182,Trasferta,2024-25
Venezia,17,20.642857142857142,Casa,2024-25
Venezia,18,12.346153846153848,Trasferta,2024-25
Venezia,19,9.363636363636363,Casa,2024-25
Venezia,20,24.642857142857142,Casa,2024-25
Venezia,21,11.166666666666666,Trasferta,2024-25
Venezia,22,13.833333333333334,Casa,2024-25
Venezia,23,6.851851851851852,Trasferta,2024-25
Venezia,24,7.555555555555555,Casa,2024-25
Venezia,25,6.642857142857143,Trasferta,2024-25
Venezia,26,9.333333333333334,Casa,2024-25
Venezia,27,12.095238095238097,Trasferta,2024-25
Venezia,28,10.074074074074074,Trasferta,2024-25
Venezia,29,8.703703703703704,Casa,2024-25
Venezia,30,20.615384615384617,Casa,2024-25
Monza,1,5.428571428571429,Trasferta,2024-25
Monza,2,18.0,Casa,2024-25
Monza,3,11.933333333333334,Trasferta,2024-25
Monza,4,31.6,Casa,2024-25
Monza,5,11.77777777777778,Casa,2024-25
Monza,6,30.7,Trasferta,2024-25
Monza,7,17.3,Casa,2024-25
Monza,8,11.285714285714286,Trasferta,2024-25
Monza,9,7.586206896551724,Casa,2024-25
Monza,10,12.666666666666666,Trasferta,2024-25
Monza,11,16.5,Casa,2024-25
Monza,12,14.473684210526317,Casa,2024-25
Monza,13,13.65,Trasferta,2024-25
Monza,14,15.352941176470589,Trasferta,2024-25
Monza,15,5.7407407407407405,Casa,2024-25
Monza,16,7.6521739130434785,Trasferta,2024-25
Monza,17,18.666666666666668,Casa,2024-25
Monza,18,5.851851851851852,Trasferta,2024-25
Monza,19,8.590909090909092,Casa,2024-25
Monza,20,11.090909090909092,Casa,2024-25
Monza,21,12.708333333333334,Trasferta,2024-25
Monza,22,9.9375,Trasferta,2024-25
Monza,23,5.346153846153846,Casa,2024-25
Monza,24,21.625,Trasferta,2024-25
Monza,25,12.529411764705882,Casa,2024-25
Monza,26,34.36363636363637,Trasferta,2024-25
Monza,27,17.428571428571427,Casa,2024-25
Monza,28,21.83333333333333,Trasferta,2024-25
Monza,29,24.916666666666668,Casa,2024-25
Monza,30,8.05,Trasferta,2024-25
Como,1,15.916666666666666,Trasferta,2024-25
Como,2,14.4,Trasferta,2024-25
Como,3,6.289473684210527,Trasferta,2024-25
Como,4,13.818181818181818,Casa,2024-25
Como,5,9.5,Trasferta,2024-25
Como,6,6.238095238095238,Casa,2024-25
Como,7,14.8,Trasferta,2024-25
Como,8,12.4375,Casa,2024-25
Como,9,7.238095238095238,Trasferta,2024-25
Como,10,11.272727272727272,Casa,2024-25
Como,11,10.38888888888889,Trasferta,2024-25
Como,12,9.9375,Trasferta,2024-25
Como,13,12.578947368421051,Casa,2024-25
Como,14,12.0,Casa,2024-25
Como,15,4.913043478260869,Trasferta,2024-25
Como,16,12.733333333333333,Casa,2024-25
Como,17,18.36842105263158,Trasferta,2024-25
Como,18,11.1,Casa,2024-25
Como,19,6.6,Trasferta,2024-25
Como,20,9.038461538461538,Casa,2024-25
Como,21,13.444444444444445,Casa,2024-25
Como,22,11.818181818181818,Casa,2024-25
Como,23,7.931034482758621,Trasferta,2024-25
Como,24,9.173913043478262,Casa,2024-25
Como,25,6.536585365853658,Trasferta,2024-25
Como,26,10.666666666666666,Casa,2024-25
Como,27,10.5,Trasferta,2024-25
Como,28,9.95,Casa,2024-25
Como,29,8.307692307692308,Trasferta,2024-25
Como,30,11.77777777777778,Casa,2024-25
Verona,1,6.695652173913044,Trasferta,2023-24
Verona,2,17.105263157894736,Casa,2023-24
Verona,3,7.818181818181818,Trasferta,2023-24
Verona,4,13.10344827586207,Casa,2023-24
Verona,5,11.5,Trasferta,2023-24
Verona,6,12.5,Casa,2023-24
Verona,7,11.333333333333334,Trasferta,2023-24
Verona,8,12.363636363636363,Trasferta,2023-24
Verona,9,29.3,Casa,2023-24
Verona,10,17.11764705882353,Trasferta,2023-24
Verona,11,41.125,Casa,2023-24
Verona,12,10.36842105263158,Trasferta,2023-24
Verona,13,9.636363636363637,Casa,2023-24
Verona,14,5.142857142857143,Trasferta,2023-24
Verona,15,16.0,Casa,2023-24
Verona,16,10.863636363636363,Trasferta,2023-24
Verona,17,10.941176470588236,Casa,2023-24
Verona,18,7.25,Casa,2023-24
Verona,19,14.909090909090908,Trasferta,2023-24
Verona,20,9.535714285714286,Casa,2023-24
Verona,21,16.28,Trasferta,2023-24
Verona,22,11.238095238095235,Casa,2023-24
Verona,23,17.9,Trasferta,2023-24
Verona,24,15.647058823529411,Trasferta,2023-24
Verona,25,15.88888888888889,Casa,2023-24
Verona,26,12.347826086956522,Trasferta,2023-24
Verona,27,6.0,Casa,2023-24
Verona,28,6.16,Trasferta,2023-24
Verona,29,11.241379310344827,Casa,2023-24
Verona,30,5.59375,Trasferta,2023-24
Verona,31,10.22222222222222,Casa,2023-24
Verona,32,14.0,Trasferta,2023-24
Verona,33,8.047619047619047,Casa,2023-24
Verona,34,14.166666666666666,Trasferta,2023-24
Verona,35,11.545454545454543,Casa,2023-24
Verona,36,9.147058823529411,Casa,2023-24
Verona,37,11.681818181818182,Trasferta,2023-24
Verona,38,11.945945945945946,Casa,2023-24
Roma,1,7.125,Casa,2023-24
Roma,2,5.0,Trasferta,2023-24
Roma,3,16.28,Casa,2023-24
Roma,4,11.52,Casa,2023-24
Roma,5,17.363636363636363,Trasferta,2023-24
Roma,6,6.681818181818182,Trasferta,2023-24
Roma,7,8.935483870967742,Casa,2023-24
Roma,8,18.071428571428573,Trasferta,2023-24
Roma,9,11.0,Casa,2023-24
Roma,10,31.444444444444443,Trasferta,2023-24
Roma,11,5.965517241379311,Casa,2023-24
Roma,12,11.357142857142858,Trasferta,2023-24
Roma,13,7.916666666666667,Casa,2023-24
Roma,14,8.25,Trasferta,2023-24
Roma,15,16.75,Casa,2023-24
Roma,16,12.551724137931034,Trasferta,2023-24
Roma,17,11.44,Casa,2023-24
Roma,18,15.5,Trasferta,2023-24
Roma,19,11.2,Casa,2023-24
Roma,20,13.444444444444445,Trasferta,2023-24
Roma,21,8.590909090909092,Casa,2023-24
Roma,22,11.176470588235292,Trasferta,2023-24
Roma,23,29.22222222222222,Casa,2023-24
Roma,24,21.928571428571427,Casa,2023-24
Roma,25,14.692307692307692,Trasferta,2023-24
Roma,26,16.066666666666666,Casa,2023-24
Roma,27,11.52,Trasferta,2023-24
Roma,28,10.071428571428571,Trasferta,2023-24
Roma,29,8.761904761904763,Casa,2023-24
Roma,30,7.111111111111111,Trasferta,2023-24
Roma,31,12.15,Casa,2023-24
Roma,32,5.727272727272728,Trasferta,2023-24
Roma,33,12.041666666666666,Casa,2023-24
Roma,34,34.285714285714285,Trasferta,2023-24
Roma,35,11.733333333333333,Casa,2023-24
Roma,36,20.666666666666668,Trasferta,2023-24
Roma,37,13.22222222222222,Casa,2023-24
Roma,38,5.72,Trasferta,2023-24
Lazio,1,9.96,Trasferta,2023-24
Lazio,2,7.727272727272727,Casa,2023-24
Lazio,3,24.53333333333333,Trasferta,2023-24
Lazio,4,9.227272727272728,Trasferta,2023-24
Lazio,5,14.083333333333334,Casa,2023-24
Lazio,6,13.307692307692308,Casa,2023-24
Lazio,7,15.105263157894736,Trasferta,2023-24
Lazio,8,14.333333333333334,Casa,2023-24
Lazio,9,14.26086956521739,Trasferta,2023-24
Lazio,10,16.57894736842105,Casa,2023-24
Lazio,11,12.451612903225806,Trasferta,2023-24
Lazio,12,19.823529411764707,Casa,2023-24
Lazio,13,4.457142857142857,Trasferta,2023-24
Lazio,14,9.541666666666666,Casa,2023-24
Lazio,15,9.153846153846152,Trasferta,2023-24
Lazio,16,15.44,Casa,2023-24
Lazio,17,9.307692307692308,Trasferta,2023-24
Lazio,18,7.793103448275862,Casa,2023-24
Lazio,19,6.5,Trasferta,2023-24
Lazio,20,10.161290322580646,Casa,2023-24
Lazio,21,24.68421052631579,Casa,2023-24
Lazio,22,27.692307692307693,Trasferta,2023-24
Lazio,23,21.384615384615383,Trasferta,2023-24
Lazio,24,37.75,Casa,2023-24
Lazio,25,22.33333333333333,Trasferta,2023-24
Lazio,26,17.4,Trasferta,2023-24
Lazio,27,11.714285714285714,Casa,2023-24
Lazio,28,6.05,Casa,2023-24
Lazio,29,7.357142857142857,Trasferta,2023-24
Lazio,30,6.375,Casa,2023-24
Lazio,31,10.041666666666666,Trasferta,2023-24
Lazio,32,6.96,Casa,2023-24
Lazio,33,8.5625,Trasferta,2023-24
Lazio,34,4.444444444444445,Casa,2023-24
Lazio,35,27.23076923076923,Trasferta,2023-24
Lazio,36,6.846153846153846,Casa,2023-24
Lazio,37,24.4,Trasferta,2023-24
Lazio,38,5.647058823529412,Casa,2023-24
Bologna,1,13.391304347826088,Casa,2023-24
Bologna,2,19.642857142857142,Trasferta,2023-24
Bologna,3,7.55,Casa,2023-24
Bologna,4,10.473684210526317,Trasferta,2023-24
Bologna,5,10.91304347826087,Casa,2023-24
Bologna,6,10.56,Trasferta,2023-24
Bologna,7,13.533333333333331,Casa,2023-24
Bologna,8,13.142857142857142,Trasferta,2023-24
Bologna,9,13.0625,Casa,2023-24
Bologna,10,9.4,Trasferta,2023-24
Bologna,11,16.105263157894736,Casa,2023-24
Bologna,12,6.375,Trasferta,2023-24
Bologna,13,11.409090909090908,Casa,2023-24
Bologna,14,7.758620689655173,Trasferta,2023-24
Bologna,15,7.76,Trasferta,2023-24
Bologna,16,9.571428571428571,Casa,2023-24
Bologna,17,12.555555555555555,Casa,2023-24
Bologna,18,3.1538461538461537,Trasferta,2023-24
Bologna,19,11.307692307692308,Casa,2023-24
Bologna,20,9.681818181818182,Trasferta,2023-24
Bologna,21,16.176470588235293,Trasferta,2023-24
Bologna,22,5.666666666666667,Casa,2023-24
Bologna,23,7.44,Casa,2023-24
Bologna,24,13.933333333333334,Casa,2023-24
Bologna,25,16.125,Trasferta,2023-24
Bologna,26,11.0625,Casa,2023-24
Bologna,27,15.1,Trasferta,2023-24
Bologna,28,10.62962962962963,Casa,2023-24
Bologna,29,7.1,Trasferta,2023-24
Bologna,30,6.032258064516129,Casa,2023-24
Bologna,31,8.105263157894736,Trasferta,2023-24
Bologna,32,9.869565217391305,Casa,2023-24
Bologna,33,23.5,Trasferta,2023-24
Bologna,34,8.3,Casa,2023-24
Bologna,35,13.61904761904762,Trasferta,2023-24
Bologna,36,16.55,Trasferta,2023-24
Bologna,37,15.066666666666666,Casa,2023-24
Bologna,38,11.333333333333334,Trasferta,2023-24
Juventus,1,19.23076923076923,Trasferta,2023-24
Juventus,2,10.363636363636363,Casa,2023-24
Juventus,3,11.130434782608695,Trasferta,2023-24
Juventus,4,25.46153846153846,Casa,2023-24
Juventus,5,7.681818181818182,Trasferta,2023-24
Juventus,6,12.409090909090908,Casa,2023-24
Juventus,7,21.5,Trasferta,2023-24
Juventus,8,23.8,Casa,2023-24
Juventus,9,13.210526315789474,Trasferta,2023-24
Juventus,10,15.210526315789474,Casa,2023-24
Juventus,11,8.5,Trasferta,2023-24
Juventus,12,10.22222222222222,Casa,2023-24
Juventus,13,21.666666666666668,Casa,2023-24
Juventus,14,32.2,Trasferta,2023-24
Juventus,15,20.5,Casa,2023-24
Juventus,16,10.923076923076923,Trasferta,2023-24
Juventus,17,14.5,Trasferta,2023-24
Juventus,18,21.466666666666665,Casa,2023-24
Juventus,19,7.470588235294118,Trasferta,2023-24
Juventus,20,17.68421052631579,Casa,2023-24
Juventus,21,14.142857142857142,Trasferta,2023-24
Juventus,22,22.53333333333333,Casa,2023-24
Juventus,23,22.2,Trasferta,2023-24
Juventus,24,5.25,Casa,2023-24
Juventus,25,12.4375,Trasferta,2023-24
Juventus,26,11.5,Casa,2023-24
Juventus,27,15.84,Trasferta,2023-24
Juventus,28,9.586206896551724,Casa,2023-24
Juventus,29,7.45,Casa,2023-24
Juventus,30,24.07692307692308,Trasferta,2023-24
Juventus,31,18.0,Casa,2023-24
Juventus,32,14.6,Trasferta,2023-24
Juventus,33,5.25,Trasferta,2023-24
Juventus,34,11.952380952380953,Casa,2023-24
Juventus,35,19.3125,Trasferta,2023-24
Juventus,36,5.727272727272728,Casa,2023-24
Juventus,37,10.384615384615383,Trasferta,2023-24
Juventus,38,13.833333333333334,Casa,2023-24
Udinese,1,12.952380952380953,Casa,2023-24
Udinese,2,7.533333333333333,Trasferta,2023-24
Udinese,3,14.142857142857142,Casa,2023-24
Udinese,4,9.80952380952381,Trasferta,2023-24
Udinese,5,10.3,Casa,2023-24
Udinese,6,22.375,Trasferta,2023-24
Udinese,7,7.190476190476191,Casa,2023-24
Udinese,8,9.782608695652174,Trasferta,2023-24
Udinese,9,13.470588235294118,Casa,2023-24
Udinese,10,16.85,Trasferta,2023-24
Udinese,11,21.0,Trasferta,2023-24
Udinese,12,13.958333333333334,Casa,2023-24
Udinese,13,21.94117647058824,Trasferta,2023-24
Udinese,14,9.652173913043478,Casa,2023-24
Udinese,15,127.0,Trasferta,2023-24
Udinese,16,14.1875,Casa,2023-24
Udinese,17,17.875,Trasferta,2023-24
Udinese,18,24.923076923076923,Casa,2023-24
Udinese,19,17.0,Casa,2023-24
Udinese,20,16.5,Trasferta,2023-24
Udinese,21,13.384615384615383,Casa,2023-24
Udinese,22,18.933333333333334,Trasferta,2023-24
Udinese,23,18.157894736842103,Casa,2023-24
Udinese,24,28.22222222222222,Trasferta,2023-24
Udinese,25,11.8,Casa,2023-24
Udinese,26,18.09090909090909,Trasferta,2023-24
Udinese,27,12.61111111111111,Casa,2023-24
Udinese,28,18.33333333333333,Trasferta,2023-24
Udinese,29,16.375,Casa,2023-24
Udinese,30,19.214285714285715,Trasferta,2023-24
Udinese,31,40.2,Casa,2023-24
Udinese,32,28.066666666666663,Casa,2023-24
Udinese,33,10.4375,Trasferta,2023-24
Udinese,34,11.40625,Trasferta,2023-24
Udinese,35,21.875,Casa,2023-24
Udinese,36,14.571428571428571,Trasferta,2023-24
Udinese,37,11.764705882352942,Casa,2023-24
Udinese,38,9.454545454545457,Trasferta,2023-24
Genoa,1,16.08,Casa,2023-24
Genoa,2,26.357142857142858,Trasferta,2023-24
Genoa,3,25.727272727272727,Trasferta,2023-24
Genoa,4,21.357142857142858,Casa,2023-24
Genoa,5,8.576923076923077,Trasferta,2023-24
Genoa,6,35.916666666666664,Casa,2023-24
Genoa,7,10.38095238095238,Trasferta,2023-24
Genoa,8,30.727272727272727,Casa,2023-24
Genoa,9,25.166666666666668,Trasferta,2023-24
Genoa,10,8.791666666666666,Casa,2023-24
Genoa,11,11.166666666666666,Trasferta,2023-24
Genoa,12,10.08695652173913,Casa,2023-24
Genoa,13,11.266666666666667,Trasferta,2023-24
Genoa,14,6.741935483870968,Casa,2023-24
Genoa,15,11.92,Trasferta,2023-24
Genoa,16,13.052631578947368,Casa,2023-24
Genoa,17,10.842105263157896,Trasferta,2023-24
Genoa,18,18.142857142857142,Casa,2023-24
Genoa,19,16.391304347826086,Trasferta,2023-24
Genoa,20,11.68,Casa,2023-24
Genoa,21,15.8,Trasferta,2023-24
Genoa,22,10.227272727272728,Casa,2023-24
Genoa,23,11.55,Trasferta,2023-24
Genoa,24,10.375,Casa,2023-24
Genoa,25,21.63157894736842,Trasferta,2023-24
Genoa,26,8.272727272727273,Casa,2023-24
Genoa,27,15.615384615384617,Trasferta,2023-24
Genoa,28,6.576923076923077,Casa,2023-24
Genoa,29,10.291666666666666,Trasferta,2023-24
Genoa,30,8.4,Casa,2023-24
Genoa,31,11.91304347826087,Trasferta,2023-24
Genoa,32,7.0,Trasferta,2023-24
Genoa,33,24.73333333333333,Casa,2023-24
Genoa,34,5.461538461538462,Casa,2023-24
Genoa,35,16.647058823529413,Trasferta,2023-24
Genoa,36,14.545454545454543,Casa,2023-24
Genoa,37,13.5625,Trasferta,2023-24
Genoa,38,17.857142857142858,Casa,2023-24
Sassuolo,1,12.363636363636363,Casa,2023-24
Sassuolo,2,30.5,Trasferta,2023-24
Sassuolo,3,22.846153846153847,Casa,2023-24
Sassuolo,4,15.352941176470589,Trasferta,2023-24
Sassuolo,5,12.909090909090908,Casa,2023-24
Sassuolo,6,19.33333333333333,Trasferta,2023-24
Sassuolo,7,19.875,Casa,2023-24
Sassuolo,8,8.428571428571429,Trasferta,2023-24
Sassuolo,9,18.105263157894736,Casa,2023-24
Sassuolo,10,16.6,Casa,2023-24
Sassuolo,11,20.142857142857142,Trasferta,2023-24
Sassuolo,12,6.481481481481482,Casa,2023-24
Sassuolo,13,9.291666666666666,Trasferta,2023-24
Sassuolo,14,28.07692307692308,Casa,2023-24
Sassuolo,15,11.77777777777778,Trasferta,2023-24
Sassuolo,16,7.444444444444445,Trasferta,2023-24
Sassuolo,17,20.0,Casa,2023-24
Sassuolo,18,27.0,Trasferta,2023-24
Sassuolo,19,22.1,Casa,2023-24
Sassuolo,20,11.217391304347826,Trasferta,2023-24
Sassuolo,21,20.166666666666668,Trasferta,2023-24
Sassuolo,22,24.1875,Trasferta,2023-24
Sassuolo,23,11.379310344827584,Casa,2023-24
Sassuolo,24,12.833333333333334,Trasferta,2023-24
Sassuolo,25,11.35,Casa,2023-24
Sassuolo,26,90.4,Casa,2023-24
Sassuolo,27,8.523809523809524,Trasferta,2023-24
Sassuolo,28,10.2,Casa,2023-24
Sassuolo,29,19.4,Trasferta,2023-24
Sassuolo,30,10.052631578947368,Casa,2023-24
Sassuolo,31,16.72222222222222,Trasferta,2023-24
Sassuolo,32,11.892857142857142,Casa,2023-24
Sassuolo,33,7.6,Casa,2023-24
Sassuolo,34,24.73333333333333,Trasferta,2023-24
Sassuolo,35,36.5,Casa,2023-24
Sassuolo,36,20.214285714285715,Trasferta,2023-24
Sassuolo,37,10.714285714285714,Casa,2023-24
Sassuolo,38,22.8,Trasferta,2023-24
Napoli,1,11.1,Trasferta,2023-24
Napoli,2,7.391304347826087,Casa,2023-24
Napoli,3,10.04,Casa,2023-24
Napoli,4,5.481481481481482,Trasferta,2023-24
Napoli,5,10.142857142857142,Trasferta,2023-24
Napoli,6,6.206896551724138,Casa,2023-24
Napoli,7,9.5,Trasferta,2023-24
Napoli,8,17.4,Casa,2023-24
Napoli,9,7.458333333333333,Trasferta,2023-24
Napoli,10,13.0,Casa,2023-24
Napoli,11,6.117647058823529,Trasferta,2023-24
Napoli,12,5.653846153846154,Casa,2023-24
Napoli,13,12.9375,Trasferta,2023-24
Napoli,14,14.857142857142858,Casa,2023-24
Napoli,15,7.666666666666667,Trasferta,2023-24
Napoli,16,6.444444444444445,Casa,2023-24
Napoli,17,8.818181818181818,Trasferta,2023-24
Napoli,18,15.0,Casa,2023-24
Napoli,19,22.08333333333333,Trasferta,2023-24
Napoli,20,6.16,Casa,2023-24
Napoli,21,23.9,Trasferta,2023-24
Napoli,22,7.555555555555555,Casa,2023-24
Napoli,23,8.583333333333334,Trasferta,2023-24
Napoli,24,6.35,Casa,2023-24
Napoli,25,3.684210526315789,Trasferta,2023-24
Napoli,26,9.6,Trasferta,2023-24
Napoli,27,12.0,Casa,2023-24
Napoli,28,11.0,Casa,2023-24
Napoli,29,30.88888888888889,Trasferta,2023-24
Napoli,30,14.333333333333334,Casa,2023-24
Napoli,31,7.392857142857143,Trasferta,2023-24
Napoli,32,8.235294117647058,Casa,2023-24
Napoli,33,7.625,Trasferta,2023-24
Napoli,34,10.807692307692308,Casa,2023-24
Napoli,35,6.608695652173913,Trasferta,2023-24
Napoli,36,5.891891891891892,Casa,2023-24
Napoli,37,11.75,Trasferta,2023-24
Napoli,38,5.375,Casa,2023-24
Inter,1,17.666666666666668,Casa,2023-24
Inter,2,7.545454545454546,Trasferta,2023-24
Inter,3,11.93103448275862,Casa,2023-24
Inter,4,18.11111111111111,Casa,2023-24
Inter,5,9.130434782608695,Trasferta,2023-24
Inter,6,8.842105263157896,Casa,2023-24
Inter,7,6.842105263157895,Trasferta,2023-24
Inter,8,9.909090909090908,Casa,2023-24
Inter,9,13.375,Trasferta,2023-24
Inter,10,8.12,Casa,2023-24
Inter,11,15.263157894736842,Trasferta,2023-24
Inter,12,28.58333333333333,Casa,2023-24
Inter,13,9.28,Trasferta,2023-24
Inter,14,13.304347826086955,Trasferta,2023-24
Inter,15,6.0,Casa,2023-24
Inter,16,12.65,Trasferta,2023-24
Inter,17,9.0,Casa,2023-24
Inter,18,16.666666666666668,Trasferta,2023-24
Inter,19,8.88888888888889,Casa,2023-24
Inter,20,17.22222222222222,Trasferta,2023-24
Inter,21,20.142857142857142,Trasferta,2023-24
Inter,22,12.478260869565217,Casa,2023-24
Inter,23,12.681818181818182,Trasferta,2023-24
Inter,24,8.833333333333334,Casa,2023-24
Inter,25,20.7,Trasferta,2023-24
Inter,26,9.818181818181818,Casa,2023-24
Inter,27,22.11111111111111,Casa,2023-24
Inter,28,15.08695652173913,Trasferta,2023-24
Inter,29,9.615384615384617,Casa,2023-24
Inter,30,9.73913043478261,Casa,2023-24
Inter,31,3.8,Trasferta,2023-24
Inter,32,17.833333333333332,Casa,2023-24
Inter,33,13.842105263157896,Trasferta,2023-24
Inter,34,14.5625,Casa,2023-24
Inter,35,12.555555555555555,Trasferta,2023-24
Inter,36,16.5,Trasferta,2023-24
Inter,37,9.869565217391305,Casa,2023-24
Inter,38,14.727272727272728,Trasferta,2023-24
Atalanta,1,11.153846153846152,Trasferta,2023-24
Atalanta,2,7.407407407407407,Trasferta,2023-24
Atalanta,3,20.0,Casa,2023-24
Atalanta,4,12.090909090909092,Trasferta,2023-24
Atalanta,5,11.578947368421051,Casa,2023-24
Atalanta,6,6.75,Trasferta,2023-24
Atalanta,7,12.678571428571429,Casa,2023-24
Atalanta,8,19.066666666666663,Trasferta,2023-24
Atalanta,9,10.045454545454543,Casa,2023-24
Atalanta,10,11.947368421052632,Trasferta,2023-24
Atalanta,11,14.944444444444445,Casa,2023-24
Atalanta,12,5.068965517241379,Trasferta,2023-24
Atalanta,13,13.608695652173912,Casa,2023-24
Atalanta,14,9.827586206896552,Trasferta,2023-24
Atalanta,15,17.857142857142858,Casa,2023-24
Atalanta,16,13.095238095238097,Casa,2023-24
Atalanta,17,15.083333333333334,Trasferta,2023-24
Atalanta,18,6.444444444444445,Casa,2023-24
Atalanta,19,13.25,Trasferta,2023-24
Atalanta,20,13.958333333333334,Casa,2023-24
Atalanta,21,7.6923076923076925,Casa,2023-24
Atalanta,22,12.384615384615383,Casa,2023-24
Atalanta,23,14.894736842105264,Trasferta,2023-24
Atalanta,24,10.904761904761903,Casa,2023-24
Atalanta,25,14.26923076923077,Trasferta,2023-24
Atalanta,26,16.48148148148148,Trasferta,2023-24
Atalanta,27,11.074074074074074,Casa,2023-24
Atalanta,28,14.35,Trasferta,2023-24
Atalanta,29,20.05555555555556,Trasferta,2023-24
Atalanta,30,4.0,Trasferta,2023-24
Atalanta,31,14.0,Casa,2023-24
Atalanta,32,13.423076923076923,Trasferta,2023-24
Atalanta,33,5.807692307692308,Casa,2023-24
Atalanta,34,7.157894736842105,Trasferta,2023-24
Atalanta,35,9.68,Casa,2023-24
Atalanta,36,7.621621621621622,Trasferta,2023-24
Atalanta,37,12.96551724137931,Casa,2023-24
Atalanta,38,15.352941176470589,Casa,2023-24
Empoli,1,10.166666666666666,Casa,2023-24
Empoli,2,18.214285714285715,Trasferta,2023-24
Empoli,3,12.333333333333334,Casa,2023-24
Empoli,4,15.185185185185183,Trasferta,2023-24
Empoli,5,14.65,Casa,2023-24
Empoli,6,7.0285714285714285,Casa,2023-24
Empoli,7,12.64,Trasferta,2023-24
Empoli,8,6.318181818181818,Casa,2023-24
Empoli,9,13.347826086956522,Trasferta,2023-24
Empoli,10,12.0,Casa,2023-24
Empoli,11,17.529411764705884,Trasferta,2023-24
Empoli,12,14.5,Trasferta,2023-24
Empoli,13,5.935483870967742,Casa,2023-24
Empoli,14,7.423076923076923,Trasferta,2023-24
Empoli,15,6.769230769230769,Casa,2023-24
Empoli,16,11.55,Trasferta,2023-24
Empoli,17,12.294117647058824,Casa,2023-24
Empoli,18,6.3478260869565215,Trasferta,2023-24
Empoli,19,13.310344827586206,Casa,2023-24
Empoli,20,5.24,Trasferta,2023-24
Empoli,21,23.25,Casa,2023-24
Empoli,22,12.526315789473683,Trasferta,2023-24
Empoli,23,16.27777777777778,Casa,2023-24
Empoli,24,15.285714285714286,Trasferta,2023-24
Empoli,25,13.0,Casa,2023-24
Empoli,26,18.307692307692307,Trasferta,2023-24
Empoli,27,15.2,Casa,2023-24
Empoli,28,14.772727272727272,Trasferta,2023-24
Empoli,29,15.92,Casa,2023-24
Empoli,30,18.5,Trasferta,2023-24
Empoli,31,14.523809523809524,Casa,2023-24
Empoli,32,9.857142857142858,Trasferta,2023-24
Empoli,33,14.8,Casa,2023-24
Empoli,34,8.538461538461538,Trasferta,2023-24
Empoli,35,7.227272727272727,Casa,2023-24
Empoli,36,18.8,Trasferta,2023-24
Empoli,37,6.647058823529412,Trasferta,2023-24
Empoli,38,12.51851851851852,Casa,2023-24
Fiorentina,1,10.1875,Trasferta,2023-24
Fiorentina,2,5.769230769230769,Casa,2023-24
Fiorentina,3,15.142857142857142,Trasferta,2023-24
Fiorentina,4,9.04,Casa,2023-24
Fiorentina,5,13.0,Trasferta,2023-24
Fiorentina,6,8.35483870967742,Trasferta,2023-24
Fiorentina,7,15.866666666666667,Casa,2023-24
Fiorentina,8,14.52,Trasferta,2023-24
Fiorentina,9,5.2727272727272725,Casa,2023-24
Fiorentina,10,10.964285714285714,Trasferta,2023-24
Fiorentina,11,8.0,Casa,2023-24
Fiorentina,12,11.129032258064516,Casa,2023-24
Fiorentina,13,12.105263157894736,Trasferta,2023-24
Fiorentina,14,8.266666666666667,Casa,2023-24
Fiorentina,15,7.916666666666667,Trasferta,2023-24
Fiorentina,16,4.636363636363637,Casa,2023-24
Fiorentina,17,12.791666666666666,Trasferta,2023-24
Fiorentina,18,19.1,Casa,2023-24
Fiorentina,19,6.666666666666667,Trasferta,2023-24
Fiorentina,20,3.71875,Casa,2023-24
Fiorentina,21,14.055555555555555,Casa,2023-24
Fiorentina,22,7.375,Trasferta,2023-24
Fiorentina,23,9.9,Casa,2023-24
Fiorentina,24,17.304347826086957,Trasferta,2023-24
Fiorentina,25,8.75,Trasferta,2023-24
Fiorentina,26,15.045454545454543,Casa,2023-24
Fiorentina,27,7.705882352941177,Trasferta,2023-24
Fiorentina,28,23.176470588235293,Casa,2023-24
Fiorentina,29,21.4,Casa,2023-24
Fiorentina,30,11.11111111111111,Trasferta,2023-24
Fiorentina,31,9.941176470588236,Casa,2023-24
Fiorentina,32,8.25,Trasferta,2023-24
Fiorentina,33,9.421052631578949,Casa,2023-24
Fiorentina,34,6.0,Trasferta,2023-24
Fiorentina,35,11.96,Casa,2023-24
Fiorentina,36,8.3,Casa,2023-24
Fiorentina,37,7.375,Trasferta,2023-24
Fiorentina,38,10.923076923076923,Trasferta,2023-24
AC Milan,1,28.416666666666668,Trasferta,2023-24
AC Milan,2,12.8125,Casa,2023-24
AC Milan,3,12.764705882352942,Trasferta,2023-24
AC Milan,4,11.588235294117649,Trasferta,2023-24
AC Milan,5,10.526315789473683,Casa,2023-24
AC Milan,6,19.666666666666668,Trasferta,2023-24
AC Milan,7,8.5,Casa,2023-24
AC Milan,8,11.944444444444445,Trasferta,2023-24
AC Milan,9,12.052631578947368,Casa,2023-24
AC Milan,10,12.947368421052632,Trasferta,2023-24
AC Milan,11,4.652173913043479,Casa,2023-24
AC Milan,12,7.8,Trasferta,2023-24
AC Milan,13,10.125,Casa,2023-24
AC Milan,14,11.454545454545457,Casa,2023-24
AC Milan,15,8.703703703703704,Trasferta,2023-24
AC Milan,16,29.2,Casa,2023-24
AC Milan,17,6.190476190476191,Trasferta,2023-24
AC Milan,18,11.375,Casa,2023-24
AC Milan,19,11.705882352941176,Trasferta,2023-24
AC Milan,20,15.77777777777778,Casa,2023-24
AC Milan,21,3.625,Trasferta,2023-24
AC Milan,22,14.7,Casa,2023-24
AC Milan,23,13.5,Trasferta,2023-24
AC Milan,24,20.235294117647054,Casa,2023-24
AC Milan,25,15.476190476190476,Trasferta,2023-24
AC Milan,26,8.105263157894736,Casa,2023-24
AC Milan,27,5.857142857142857,Trasferta,2023-24
AC Milan,28,6.878787878787879,Casa,2023-24
AC Milan,29,10.210526315789474,Trasferta,2023-24
AC Milan,30,10.210526315789474,Trasferta,2023-24
AC Milan,31,8.071428571428571,Casa,2023-24
AC Milan,32,6.352941176470588,Trasferta,2023-24
AC Milan,33,17.5,Casa,2023-24
AC Milan,34,17.866666666666667,Trasferta,2023-24
AC Milan,35,14.2,Casa,2023-24
AC Milan,36,9.863636363636363,Casa,2023-24
AC Milan,37,8.5,Trasferta,2023-24
AC Milan,38,8.944444444444445,Casa,2023-24
Frosinone,1,20.785714285714285,Casa,2023-24
Frosinone,2,16.095238095238095,Casa,2023-24
Frosinone,3,8.19047619047619,Trasferta,2023-24
Frosinone,4,9.105263157894736,Casa,2023-24
Frosinone,5,6.814814814814815,Trasferta,2023-24
Frosinone,6,11.72222222222222,Casa,2023-24
Frosinone,7,12.047619047619047,Trasferta,2023-24
Frosinone,8,11.0,Casa,2023-24
Frosinone,9,14.947368421052632,Trasferta,2023-24
Frosinone,10,11.125,Trasferta,2023-24
Frosinone,11,12.928571428571429,Casa,2023-24
Frosinone,12,11.192307692307692,Trasferta,2023-24
Frosinone,13,15.066666666666666,Casa,2023-24
Frosinone,14,10.153846153846152,Trasferta,2023-24
Frosinone,15,6.846153846153846,Casa,2023-24
Frosinone,16,5.0344827586206895,Trasferta,2023-24
Frosinone,17,18.9,Casa,2023-24
Frosinone,18,9.379310344827584,Trasferta,2023-24
Frosinone,19,8.043478260869565,Casa,2023-24
Frosinone,20,17.25,Trasferta,2023-24
Frosinone,21,7.7894736842105265,Casa,2023-24
Frosinone,22,12.529411764705882,Trasferta,2023-24
Frosinone,23,19.0625,Casa,2023-24
Frosinone,24,18.454545454545453,Trasferta,2023-24
Frosinone,25,14.043478260869565,Casa,2023-24
Frosinone,26,23.647058823529413,Trasferta,2023-24
Frosinone,27,5.45,Casa,2023-24
Frosinone,28,10.375,Trasferta,2023-24
Frosinone,29,21.428571428571427,Casa,2023-24
Frosinone,30,8.08,Trasferta,2023-24
Frosinone,31,17.272727272727273,Casa,2023-24
Frosinone,32,18.77777777777778,Trasferta,2023-24
Frosinone,33,9.909090909090908,Trasferta,2023-24
Frosinone,34,14.6,Casa,2023-24
Frosinone,35,10.5,Trasferta,2023-24
Frosinone,36,44.11111111111112,Casa,2023-24
Frosinone,37,19.45,Trasferta,2023-24
Frosinone,38,7.933333333333334,Casa,2023-24
Torino,1,13.76923076923077,Casa,2023-24
Torino,2,15.61904761904762,Trasferta,2023-24
Torino,3,8.88888888888889,Casa,2023-24
Torino,4,11.863636363636363,Trasferta,2023-24
Torino,5,15.454545454545457,Casa,2023-24
Torino,6,15.7,Trasferta,2023-24
Torino,7,11.6875,Casa,2023-24
Torino,8,11.041666666666666,Trasferta,2023-24
Torino,9,14.2,Casa,2023-24
Torino,10,10.210526315789474,Trasferta,2023-24
Torino,11,11.5,Casa,2023-24
Torino,12,7.4375,Trasferta,2023-24
Torino,13,9.523809523809524,Trasferta,2023-24
Torino,14,11.894736842105264,Casa,2023-24
Torino,15,8.428571428571429,Trasferta,2023-24
Torino,16,11.714285714285714,Casa,2023-24
Torino,17,5.666666666666667,Casa,2023-24
Torino,18,15.583333333333334,Trasferta,2023-24
Torino,19,21.23076923076923,Casa,2023-24
Torino,20,7.9,Trasferta,2023-24
Torino,21,10.625,Trasferta,2023-24
Torino,22,6.7,Casa,2023-24
Torino,23,11.928571428571429,Trasferta,2023-24
Torino,24,6.068965517241379,Casa,2023-24
Torino,25,17.0625,Casa,2023-24
Torino,26,18.789473684210527,Trasferta,2023-24
Torino,27,17.214285714285715,Casa,2023-24
Torino,28,12.833333333333334,Trasferta,2023-24
Torino,29,7.64,Trasferta,2023-24
Torino,30,11.5,Casa,2023-24
Torino,31,6.5,Trasferta,2023-24
Torino,32,10.851851851851851,Casa,2023-24
Torino,33,11.529411764705882,Casa,2023-24
Torino,34,22.294117647058822,Trasferta,2023-24
Torino,35,11.73076923076923,Casa,2023-24
Torino,36,11.75,Trasferta,2023-24
Torino,37,12.666666666666666,Casa,2023-24
Torino,38,10.941176470588236,Trasferta,2023-24
Cagliari,1,11.208333333333334,Trasferta,2023-24
Cagliari,2,40.0,Casa,2023-24
Cagliari,3,32.53846153846154,Trasferta,2023-24
Cagliari,4,12.181818181818182,Casa,2023-24
Cagliari,5,16.22222222222222,Trasferta,2023-24
Cagliari,6,19.23809523809524,Casa,2023-24
Cagliari,7,19.789473684210527,Trasferta,2023-24
Cagliari,8,11.529411764705882,Casa,2023-24
Cagliari,9,8.736842105263158,Trasferta,2023-24
Cagliari,10,16.473684210526315,Casa,2023-24
Cagliari,11,18.764705882352946,Casa,2023-24
Cagliari,12,26.857142857142858,Trasferta,2023-24
Cagliari,13,18.94117647058824,Casa,2023-24
Cagliari,14,18.0,Trasferta,2023-24
Cagliari,15,4.551724137931035,Casa,2023-24
Cagliari,16,29.4,Trasferta,2023-24
Cagliari,17,12.565217391304348,Trasferta,2023-24
Cagliari,18,8.954545454545455,Casa,2023-24
Cagliari,19,6.285714285714286,Trasferta,2023-24
Cagliari,20,17.476190476190474,Casa,2023-24
Cagliari,21,12.65,Trasferta,2023-24
Cagliari,22,9.136363636363637,Casa,2023-24
Cagliari,23,13.08695652173913,Trasferta,2023-24
Cagliari,24,26.642857142857142,Casa,2023-24
Cagliari,25,14.4,Trasferta,2023-24
Cagliari,26,15.272727272727272,Casa,2023-24
Cagliari,27,13.75,Trasferta,2023-24
Cagliari,28,17.11111111111111,Casa,2023-24
Cagliari,29,23.53333333333333,Trasferta,2023-24
Cagliari,30,7.478260869565218,Casa,2023-24
Cagliari,31,11.583333333333334,Casa,2023-24
Cagliari,32,27.09090909090909,Trasferta,2023-24
Cagliari,33,14.666666666666666,Casa,2023-24
Cagliari,34,18.294117647058822,Trasferta,2023-24
Cagliari,35,15.333333333333334,Casa,2023-24
Cagliari,36,25.352941176470587,Trasferta,2023-24
Cagliari,37,8.61111111111111,Trasferta,2023-24
Cagliari,38,10.5,Casa,2023-24
Lecce,1,15.714285714285714,Casa,2023-24
Lecce,2,9.466666666666669,Trasferta,2023-24
Lecce,3,6.5,Casa,2023-24
Lecce,4,12.61111111111111,Trasferta,2023-24
Lecce,5,11.333333333333334,Casa,2023-24
Lecce,6,12.4,Trasferta,2023-24
Lecce,7,13.05,Casa,2023-24
Lecce,8,8.428571428571429,Casa,2023-24
Lecce,9,6.739130434782608,Trasferta,2023-24
Lecce,10,10.590909090909092,Casa,2023-24
Lecce,11,13.666666666666666,Trasferta,2023-24
Lecce,12,10.22222222222222,Casa,2023-24
Lecce,13,7.3478260869565215,Trasferta,2023-24
Lecce,14,13.833333333333334,Casa,2023-24
Lecce,15,15.5,Trasferta,2023-24
Lecce,16,8.866666666666667,Casa,2023-24
Lecce,17,15.916666666666666,Trasferta,2023-24
Lecce,18,11.884615384615383,Trasferta,2023-24
Lecce,19,7.56,Casa,2023-24
Lecce,20,12.52,Trasferta,2023-24
Lecce,21,14.588235294117649,Casa,2023-24
Lecce,22,10.473684210526317,Trasferta,2023-24
Lecce,23,11.68421052631579,Casa,2023-24
Lecce,24,14.407407407407408,Trasferta,2023-24
Lecce,25,12.875,Trasferta,2023-24
Lecce,26,17.9,Casa,2023-24
Lecce,27,13.705882352941176,Trasferta,2023-24
Lecce,28,5.421052631578948,Casa,2023-24
Lecce,29,18.0,Trasferta,2023-24
Lecce,30,15.947368421052632,Casa,2023-24
Lecce,31,30.214285714285715,Trasferta,2023-24
Lecce,32,10.0,Casa,2023-24
Lecce,33,9.36842105263158,Trasferta,2023-24
Lecce,34,9.0,Casa,2023-24
Lecce,35,4.294117647058823,Trasferta,2023-24
Lecce,36,6.588235294117647,Casa,2023-24
Lecce,37,18.352941176470587,Casa,2023-24
Lecce,38,21.166666666666668,Trasferta,2023-24
Salernitana,1,22.25,Trasferta,2023-24
Salernitana,2,9.0,Casa,2023-24
Salernitana,3,8.368421052631579,Trasferta,2023-24
Salernitana,4,9.0,Casa,2023-24
Salernitana,5,10.571428571428571,Casa,2023-24
Salernitana,6,6.5,Trasferta,2023-24
Salernitana,7,20.57894736842105,Casa,2023-24
Salernitana,8,15.695652173913045,Trasferta,2023-24
Salernitana,9,11.411764705882351,Casa,2023-24
Salernitana,10,9.923076923076923,Trasferta,2023-24
Salernitana,11,11.923076923076923,Casa,2023-24
Salernitana,12,13.68421052631579,Trasferta,2023-24
Salernitana,13,20.0,Casa,2023-24
Salernitana,14,14.055555555555555,Trasferta,2023-24
Salernitana,15,13.612903225806452,Casa,2023-24
Salernitana,16,15.375,Trasferta,2023-24
Salernitana,17,25.0,Casa,2023-24
Salernitana,18,10.105263157894736,Trasferta,2023-24
Salernitana,19,26.63636363636364,Casa,2023-24
Salernitana,20,22.823529411764707,Trasferta,2023-24
Salernitana,21,10.941176470588236,Casa,2023-24
Salernitana,22,19.65,Casa,2023-24
Salernitana,23,37.25,Trasferta,2023-24
Salernitana,24,12.058823529411764,Casa,2023-24
Salernitana,25,40.5,Trasferta,2023-24
Salernitana,26,26.142857142857142,Casa,2023-24
Salernitana,27,11.052631578947368,Trasferta,2023-24
Salernitana,28,8.714285714285714,Trasferta,2023-24
Salernitana,29,15.7,Casa,2023-24
Salernitana,30,26.210526315789476,Trasferta,2023-24
Salernitana,31,14.642857142857142,Casa,2023-24
Salernitana,32,29.071428571428573,Trasferta,2023-24
Salernitana,33,16.61904761904762,Casa,2023-24
Salernitana,34,13.142857142857142,Trasferta,2023-24
Salernitana,35,15.954545454545457,Casa,2023-24
Salernitana,36,13.454545454545457,Trasferta,2023-24
Salernitana,37,11.0625,Casa,2023-24
Salernitana,38,18.11111111111111,Trasferta,2023-24
Monza,1,14.11111111111111,Trasferta,2023-24
Monza,2,9.36,Casa,2023-24
Monza,3,13.27777777777778,Trasferta,2023-24
Monza,4,8.04,Casa,2023-24
Monza,5,21.166666666666668,Trasferta,2023-24
Monza,6,17.647058823529413,Casa,2023-24
Monza,7,14.642857142857142,Trasferta,2023-24
Monza,8,10.625,Casa,2023-24
Monza,9,13.4,Trasferta,2023-24
Monza,10,10.727272727272728,Casa,2023-24
Monza,11,12.8125,Trasferta,2023-24
Monza,12,20.8,Casa,2023-24
Monza,13,7.636363636363637,Trasferta,2023-24
Monza,14,9.125,Casa,2023-24
Monza,15,19.615384615384617,Casa,2023-24
Monza,16,12.476190476190476,Trasferta,2023-24
Monza,17,18.0,Casa,2023-24
Monza,18,11.904761904761903,Trasferta,2023-24
Monza,19,11.5,Trasferta,2023-24
Monza,20,26.25,Casa,2023-24
Monza,21,10.428571428571429,Trasferta,2023-24
Monza,22,10.0,Casa,2023-24
Monza,23,9.416666666666666,Trasferta,2023-24
Monza,24,10.65,Casa,2023-24
Monza,25,21.166666666666668,Casa,2023-24
Monza,26,17.833333333333332,Trasferta,2023-24
Monza,27,20.133333333333333,Casa,2023-24
Monza,28,25.09090909090909,Trasferta,2023-24
Monza,29,9.3,Casa,2023-24
Monza,30,31.5,Trasferta,2023-24
Monza,31,28.7,Casa,2023-24
Monza,32,25.75,Trasferta,2023-24
Monza,33,13.933333333333334,Casa,2023-24
Monza,34,11.363636363636363,Trasferta,2023-24
Monza,35,18.307692307692307,Casa,2023-24
Monza,36,14.0,Trasferta,2023-24
Monza,37,6.0,Casa,2023-24
Monza,38,7.866666666666666,Trasferta,2023-24
Verona,1,12.541666666666666,Casa,2022-23
Verona,2,6.148148148148148,Trasferta,2022-23
Verona,3,5.709677419354839,Casa,2022-23
Verona,4,7.380952380952381,Trasferta,2022-23
Verona,5,6.2727272727272725,Casa,2022-23
Verona,6,8.8125,Trasferta,2022-23
Verona,7,5.65,Trasferta,2022-23
Verona,8,21.0,Casa,2022-23
Verona,9,7.545454545454546,Trasferta,2022-23
Verona,10,14.133333333333333,Casa,2022-23
Verona,11,9.0,Trasferta,2022-23
Verona,12,24.133333333333333,Casa,2022-23
Verona,13,17.142857142857142,Trasferta,2022-23
Verona,14,13.88888888888889,Casa,2022-23
Verona,15,10.72222222222222,Casa,2022-23
Verona,16,13.608695652173912,Trasferta,2022-23
Verona,17,9.166666666666666,Casa,2022-23
Verona,18,17.944444444444443,Trasferta,2022-23
Verona,19,9.0,Casa,2022-23
Verona,20,10.421052631578949,Trasferta,2022-23
Verona,21,13.0,Casa,2022-23
Verona,22,11.869565217391305,Casa,2022-23
Verona,23,6.821428571428571,Trasferta,2022-23
Verona,24,9.173913043478262,Casa,2022-23
Verona,25,17.785714285714285,Trasferta,2022-23
Verona,26,16.666666666666668,Casa,2022-23
Verona,27,8.75,Trasferta,2022-23
Verona,28,9.0,Trasferta,2022-23
Verona,29,14.294117647058824,Casa,2022-23
Verona,30,30.0,Trasferta,2022-23
Verona,31,28.142857142857142,Casa,2022-23
Verona,32,13.0,Trasferta,2022-23
Verona,33,58.77777777777778,Casa,2022-23
Verona,34,8.6,Trasferta,2022-23
Verona,35,13.25,Casa,2022-23
Verona,36,16.8,Trasferta,2022-23
Verona,37,11.296296296296296,Casa,2022-23
Verona,38,28.857142857142858,Trasferta,2022-23
Roma,1,12.666666666666666,Trasferta,2022-23
Roma,2,17.615384615384617,Casa,2022-23
Roma,3,18.529411764705884,Trasferta,2022-23
Roma,4,19.823529411764707,Casa,2022-23
Roma,5,14.214285714285714,Trasferta,2022-23
Roma,6,9.391304347826088,Trasferta,2022-23
Roma,7,23.25,Casa,2022-23
Roma,8,22.125,Trasferta,2022-23
Roma,9,4.741935483870968,Casa,2022-23
Roma,10,7.862068965517241,Trasferta,2022-23
Roma,11,10.125,Casa,2022-23
Roma,12,5.909090909090909,Trasferta,2022-23
Roma,13,6.6,Casa,2022-23
Roma,14,8.296296296296296,Trasferta,2022-23
Roma,15,12.173913043478262,Casa,2022-23
Roma,16,22.0,Casa,2022-23
Roma,17,15.61904761904762,Trasferta,2022-23
Roma,18,11.217391304347826,Casa,2022-23
Roma,19,13.857142857142858,Trasferta,2022-23
Roma,20,18.944444444444443,Trasferta,2022-23
Roma,21,16.529411764705884,Casa,2022-23
Roma,22,12.0,Trasferta,2022-23
Roma,23,8.142857142857142,Casa,2022-23
Roma,24,7.842105263157895,Trasferta,2022-23
Roma,25,18.15,Casa,2022-23
Roma,26,9.68,Casa,2022-23
Roma,27,20.25,Trasferta,2022-23
Roma,28,11.85,Casa,2022-23
Roma,29,23.214285714285715,Trasferta,2022-23
Roma,30,13.75,Casa,2022-23
Roma,31,10.38888888888889,Trasferta,2022-23
Roma,32,15.791666666666666,Casa,2022-23
Roma,33,7.631578947368421,Trasferta,2022-23
Roma,34,13.652173913043478,Casa,2022-23
Roma,35,24.105263157894736,Trasferta,2022-23
Roma,36,8.76923076923077,Casa,2022-23
Roma,37,20.928571428571427,Trasferta,2022-23
Roma,38,5.25,Casa,2022-23
Lazio,1,9.96551724137931,Casa,2022-23
Lazio,2,16.57894736842105,Trasferta,2022-23
Lazio,3,25.857142857142858,Casa,2022-23
Lazio,4,18.11111111111111,Trasferta,2022-23
Lazio,5,20.55,Casa,2022-23
Lazio,6,13.545454545454543,Casa,2022-23
Lazio,7,12.823529411764708,Trasferta,2022-23
Lazio,8,24.4,Casa,2022-23
Lazio,9,25.0,Trasferta,2022-23
Lazio,10,9.5,Casa,2022-23
Lazio,11,13.421052631578949,Trasferta,2022-23
Lazio,12,12.9,Casa,2022-23
Lazio,13,17.142857142857142,Trasferta,2022-23
Lazio,14,18.59090909090909,Casa,2022-23
Lazio,15,13.173913043478262,Trasferta,2022-23
Lazio,16,10.0,Trasferta,2022-23
Lazio,17,15.826086956521738,Casa,2022-23
Lazio,18,16.333333333333332,Trasferta,2022-23
Lazio,19,10.0,Casa,2022-23
Lazio,20,13.10344827586207,Casa,2022-23
Lazio,21,6.608695652173913,Trasferta,2022-23
Lazio,22,7.379310344827586,Casa,2022-23
Lazio,23,24.272727272727277,Trasferta,2022-23
Lazio,24,9.551724137931034,Casa,2022-23
Lazio,25,28.294117647058822,Trasferta,2022-23
Lazio,26,20.045454545454547,Trasferta,2022-23
Lazio,27,6.857142857142857,Casa,2022-23
Lazio,28,21.09523809523809,Trasferta,2022-23
Lazio,29,15.894736842105264,Casa,2022-23
Lazio,30,20.65,Trasferta,2022-23
Lazio,31,21.3125,Casa,2022-23
Lazio,32,16.666666666666668,Trasferta,2022-23
Lazio,33,14.863636363636363,Casa,2022-23
Lazio,34,13.678571428571429,Trasferta,2022-23
Lazio,35,8.5,Casa,2022-23
Lazio,36,11.363636363636363,Trasferta,2022-23
Lazio,37,8.848484848484848,Casa,2022-23
Lazio,38,8.065217391304348,Trasferta,2022-23
Bologna,1,7.083333333333333,Trasferta,2022-23
Bologna,2,8.6875,Casa,2022-23
Bologna,3,10.15,Trasferta,2022-23
Bologna,4,7.08,Casa,2022-23
Bologna,5,19.5,Trasferta,2022-23
Bologna,6,21.454545454545453,Casa,2022-23
Bologna,7,6.352941176470588,Casa,2022-23
Bologna,8,10.043478260869565,Trasferta,2022-23
Bologna,9,6.52,Casa,2022-23
Bologna,10,13.411764705882351,Trasferta,2022-23
Bologna,11,10.5,Casa,2022-23
Bologna,12,12.4,Trasferta,2022-23
Bologna,13,11.263157894736842,Casa,2022-23
Bologna,14,34.4,Trasferta,2022-23
Bologna,15,10.833333333333334,Casa,2022-23
Bologna,16,8.37037037037037,Trasferta,2022-23
Bologna,17,14.555555555555555,Casa,2022-23
Bologna,18,8.041666666666666,Trasferta,2022-23
Bologna,19,5.260869565217392,Casa,2022-23
Bologna,20,8.956521739130435,Casa,2022-23
Bologna,21,6.682926829268292,Trasferta,2022-23
Bologna,22,4.666666666666667,Casa,2022-23
Bologna,23,9.125,Trasferta,2022-23
Bologna,24,15.85,Casa,2022-23
Bologna,25,18.58333333333333,Trasferta,2022-23
Bologna,26,13.521739130434783,Casa,2022-23
Bologna,27,9.037037037037036,Trasferta,2022-23
Bologna,28,7.638888888888889,Casa,2022-23
Bologna,29,13.0,Trasferta,2022-23
Bologna,30,10.0,Casa,2022-23
Bologna,31,4.7727272727272725,Trasferta,2022-23
Bologna,32,9.666666666666666,Casa,2022-23
Bologna,33,5.619047619047619,Trasferta,2022-23
Bologna,34,17.3125,Trasferta,2022-23
Bologna,35,6.5,Casa,2022-23
Bologna,36,11.842105263157896,Trasferta,2022-23
Bologna,37,10.533333333333331,Casa,2022-23
Bologna,38,16.25,Trasferta,2022-23
Juventus,1,20.615384615384617,Casa,2022-23
Juventus,2,12.15,Trasferta,2022-23
Juventus,3,7.74074074074074,Casa,2022-23
Juventus,4,12.227272727272728,Casa,2022-23
Juventus,5,17.083333333333332,Trasferta,2022-23
Juventus,6,10.77777777777778,Casa,2022-23
Juventus,7,12.045454545454543,Trasferta,2022-23
Juventus,8,19.4,Casa,2022-23
Juventus,9,9.117647058823527,Trasferta,2022-23
Juventus,10,9.92,Trasferta,2022-23
Juventus,11,14.863636363636363,Casa,2022-23
Juventus,12,8.411764705882353,Trasferta,2022-23
Juventus,13,11.36,Casa,2022-23
Juventus,14,11.692307692307692,Trasferta,2022-23
Juventus,15,17.363636363636363,Casa,2022-23
Juventus,16,9.375,Trasferta,2022-23
Juventus,17,11.666666666666666,Casa,2022-23
Juventus,18,10.3125,Trasferta,2022-23
Juventus,19,14.05,Casa,2022-23
Juventus,20,17.904761904761905,Casa,2022-23
Juventus,21,16.473684210526315,Trasferta,2022-23
Juventus,22,17.0,Casa,2022-23
Juventus,23,14.055555555555555,Trasferta,2022-23
Juventus,24,26.53846153846154,Casa,2022-23
Juventus,25,9.583333333333334,Trasferta,2022-23
Juventus,26,12.0,Casa,2022-23
Juventus,27,16.238095238095237,Trasferta,2022-23
Juventus,28,8.826086956521738,Casa,2022-23
Juventus,29,11.947368421052632,Trasferta,2022-23
Juventus,30,13.4,Trasferta,2022-23
Juventus,31,23.0,Casa,2022-23
Juventus,32,22.357142857142858,Trasferta,2022-23
Juventus,33,14.0625,Casa,2022-23
Juventus,34,11.428571428571429,Trasferta,2022-23
Juventus,35,6.64,Casa,2022-23
Juventus,36,4.868421052631579,Trasferta,2022-23
Juventus,37,13.136363636363637,Casa,2022-23
Juventus,38,9.333333333333334,Trasferta,2022-23
Udinese,1,12.583333333333334,Trasferta,2022-23
Udinese,2,16.571428571428573,Casa,2022-23
Udinese,3,11.423076923076923,Trasferta,2022-23
Udinese,4,16.12,Casa,2022-23
Udinese,5,13.166666666666666,Casa,2022-23
Udinese,6,4.538461538461538,Trasferta,2022-23
Udinese,7,10.4,Casa,2022-23
Udinese,8,6.235294117647059,Trasferta,2022-23
Udinese,9,8.619047619047619,Casa,2022-23
Udinese,10,18.666666666666668,Trasferta,2022-23
Udinese,11,9.6,Casa,2022-23
Udinese,12,12.833333333333334,Trasferta,2022-23
Udinese,13,7.578947368421052,Casa,2022-23
Udinese,14,13.0,Trasferta,2022-23
Udinese,15,28.866666666666667,Trasferta,2022-23
Udinese,16,7.464285714285714,Casa,2022-23
Udinese,17,13.36842105263158,Trasferta,2022-23
Udinese,18,12.6875,Casa,2022-23
Udinese,19,11.166666666666666,Trasferta,2022-23
Udinese,20,10.823529411764708,Casa,2022-23
Udinese,21,20.846153846153847,Trasferta,2022-23
Udinese,22,12.791666666666666,Casa,2022-23
Udinese,23,13.6,Trasferta,2022-23
Udinese,24,10.038461538461538,Casa,2022-23
Udinese,25,20.25,Trasferta,2022-23
Udinese,26,10.6,Trasferta,2022-23
Udinese,27,14.0,Casa,2022-23
Udinese,28,14.904761904761903,Trasferta,2022-23
Udinese,29,19.6,Casa,2022-23
Udinese,30,11.842105263157896,Trasferta,2022-23
Udinese,31,11.347826086956522,Casa,2022-23
Udinese,32,7.733333333333333,Trasferta,2022-23
Udinese,33,22.5,Casa,2022-23
Udinese,34,15.125,Casa,2022-23
Udinese,35,11.444444444444445,Trasferta,2022-23
Udinese,36,26.866666666666667,Casa,2022-23
Udinese,37,7.137931034482759,Trasferta,2022-23
Udinese,38,20.846153846153847,Casa,2022-23
Sampdoria,1,9.347826086956522,Casa,2022-23
Sampdoria,2,22.428571428571427,Casa,2022-23
Sampdoria,3,8.142857142857142,Trasferta,2022-23
Sampdoria,4,20.77777777777778,Casa,2022-23
Sampdoria,5,7.571428571428571,Trasferta,2022-23
Sampdoria,6,11.6,Casa,2022-23
Sampdoria,7,8.636363636363637,Trasferta,2022-23
Sampdoria,8,10.826086956521738,Casa,2022-23
Sampdoria,9,6.866666666666666,Trasferta,2022-23
Sampdoria,10,5.344827586206897,Casa,2022-23
Sampdoria,11,7.869565217391305,Trasferta,2022-23
Sampdoria,12,13.652173913043478,Trasferta,2022-23
Sampdoria,13,11.476190476190476,Casa,2022-23
Sampdoria,14,8.5,Trasferta,2022-23
Sampdoria,15,6.947368421052632,Casa,2022-23
Sampdoria,16,12.24,Trasferta,2022-23
Sampdoria,17,16.9,Casa,2022-23
Sampdoria,18,8.029411764705882,Trasferta,2022-23
Sampdoria,19,8.428571428571429,Casa,2022-23
Sampdoria,20,17.65,Trasferta,2022-23
Sampdoria,21,20.210526315789476,Trasferta,2022-23
Sampdoria,22,24.25,Casa,2022-23
Sampdoria,23,10.575757575757576,Casa,2022-23
Sampdoria,24,16.761904761904763,Trasferta,2022-23
Sampdoria,25,5.833333333333333,Casa,2022-23
Sampdoria,26,11.703703703703704,Trasferta,2022-23
Sampdoria,27,14.27777777777778,Casa,2022-23
Sampdoria,28,15.210526315789474,Trasferta,2022-23
Sampdoria,29,10.75,Casa,2022-23
Sampdoria,30,8.866666666666667,Trasferta,2022-23
Sampdoria,31,16.357142857142858,Casa,2022-23
Sampdoria,32,26.53846153846154,Trasferta,2022-23
Sampdoria,33,14.307692307692308,Casa,2022-23
Sampdoria,34,14.842105263157896,Trasferta,2022-23
Sampdoria,35,12.583333333333334,Casa,2022-23
Sampdoria,36,37.4,Trasferta,2022-23
Sampdoria,37,8.857142857142858,Casa,2022-23
Sampdoria,38,66.0,Trasferta,2022-23
Sassuolo,1,15.882352941176473,Trasferta,2022-23
Sassuolo,2,8.708333333333334,Casa,2022-23
Sassuolo,3,10.333333333333334,Trasferta,2022-23
Sassuolo,4,17.2,Casa,2022-23
Sassuolo,5,17.0,Trasferta,2022-23
Sassuolo,6,21.615384615384617,Casa,2022-23
Sassuolo,7,19.705882352941178,Trasferta,2022-23
Sassuolo,8,20.375,Casa,2022-23
Sassuolo,9,15.38888888888889,Casa,2022-23
Sassuolo,10,12.80952380952381,Trasferta,2022-23
Sassuolo,11,18.0,Casa,2022-23
Sassuolo,12,30.25,Trasferta,2022-23
Sassuolo,13,15.588235294117649,Trasferta,2022-23
Sassuolo,14,17.0,Casa,2022-23
Sassuolo,15,24.0,Trasferta,2022-23
Sassuolo,16,6.277777777777778,Casa,2022-23
Sassuolo,17,10.047619047619047,Trasferta,2022-23
Sassuolo,18,11.892857142857142,Casa,2022-23
Sassuolo,19,8.793103448275861,Trasferta,2022-23
Sassuolo,20,16.8,Trasferta,2022-23
Sassuolo,21,16.529411764705884,Casa,2022-23
Sassuolo,22,19.214285714285715,Trasferta,2022-23
Sassuolo,23,16.82608695652174,Casa,2022-23
Sassuolo,24,16.375,Trasferta,2022-23
Sassuolo,25,10.15,Casa,2022-23
Sassuolo,26,10.241379310344827,Trasferta,2022-23
Sassuolo,27,11.035714285714286,Casa,2022-23
Sassuolo,28,12.708333333333334,Casa,2022-23
Sassuolo,29,7.4,Trasferta,2022-23
Sassuolo,30,17.6,Casa,2022-23
Sassuolo,31,8.384615384615385,Trasferta,2022-23
Sassuolo,32,10.0,Casa,2022-23
Sassuolo,33,14.73913043478261,Trasferta,2022-23
Sassuolo,34,20.22222222222222,Casa,2022-23
Sassuolo,35,14.458333333333334,Trasferta,2022-23
Sassuolo,36,12.88,Casa,2022-23
Sassuolo,37,8.653846153846153,Trasferta,2022-23
Sassuolo,38,68.0,Casa,2022-23
Napoli,1,8.5,Trasferta,2022-23
Napoli,2,11.7,Casa,2022-23
Napoli,3,9.09375,Trasferta,2022-23
Napoli,4,5.1923076923076925,Casa,2022-23
Napoli,5,11.130434782608695,Trasferta,2022-23
Napoli,6,6.875,Casa,2022-23
Napoli,7,18.33333333333333,Trasferta,2022-23
Napoli,8,32.714285714285715,Casa,2022-23
Napoli,9,9.307692307692308,Trasferta,2022-23
Napoli,10,20.58823529411765,Casa,2022-23
Napoli,11,7.866666666666666,Trasferta,2022-23
Napoli,12,11.0625,Casa,2022-23
Napoli,13,22.7,Trasferta,2022-23
Napoli,14,4.785714285714286,Casa,2022-23
Napoli,15,11.555555555555555,Casa,2022-23
Napoli,16,11.764705882352942,Trasferta,2022-23
Napoli,17,8.142857142857142,Trasferta,2022-23
Napoli,18,9.454545454545457,Casa,2022-23
Napoli,19,6.7,Trasferta,2022-23
Napoli,20,16.533333333333335,Casa,2022-23
Napoli,21,4.65625,Trasferta,2022-23
Napoli,22,9.77777777777778,Casa,2022-23
Napoli,23,10.863636363636363,Trasferta,2022-23
Napoli,24,11.909090909090908,Trasferta,2022-23
Napoli,25,9.346153846153848,Casa,2022-23
Napoli,26,7.645161290322581,Casa,2022-23
Napoli,27,10.478260869565217,Trasferta,2022-23
Napoli,28,9.391304347826088,Casa,2022-23
Napoli,29,8.523809523809524,Trasferta,2022-23
Napoli,30,4.315789473684211,Casa,2022-23
Napoli,31,6.689655172413793,Trasferta,2022-23
Napoli,32,4.379310344827586,Casa,2022-23
Napoli,33,6.4,Trasferta,2022-23
Napoli,34,15.944444444444445,Casa,2022-23
Napoli,35,6.771428571428571,Trasferta,2022-23
Napoli,36,11.095238095238097,Casa,2022-23
Napoli,37,12.928571428571429,Trasferta,2022-23
Napoli,38,8.142857142857142,Casa,2022-23
Inter,1,5.708333333333333,Trasferta,2022-23
Inter,2,10.791666666666666,Casa,2022-23
Inter,3,15.045454545454543,Trasferta,2022-23
Inter,4,18.75,Casa,2022-23
Inter,5,14.176470588235292,Trasferta,2022-23
Inter,6,8.476190476190476,Casa,2022-23
Inter,7,9.0,Trasferta,2022-23
Inter,8,11.95,Casa,2022-23
Inter,9,10.88888888888889,Trasferta,2022-23
Inter,10,9.095238095238097,Casa,2022-23
Inter,11,13.63157894736842,Trasferta,2022-23
Inter,12,14.235294117647058,Casa,2022-23
Inter,13,12.217391304347826,Trasferta,2022-23
Inter,14,16.0,Casa,2022-23
Inter,15,13.647058823529411,Trasferta,2022-23
Inter,16,10.75,Casa,2022-23
Inter,17,9.8,Trasferta,2022-23
Inter,18,9.944444444444445,Casa,2022-23
Inter,19,14.541666666666666,Casa,2022-23
Inter,20,8.0,Trasferta,2022-23
Inter,21,7.583333333333333,Casa,2022-23
Inter,22,5.875,Trasferta,2022-23
Inter,23,6.8125,Casa,2022-23
Inter,24,10.22222222222222,Trasferta,2022-23
Inter,25,5.4,Casa,2022-23
Inter,26,5.909090909090909,Trasferta,2022-23
Inter,27,8.176470588235293,Casa,2022-23
Inter,28,6.133333333333334,Casa,2022-23
Inter,29,8.193548387096774,Trasferta,2022-23
Inter,30,11.153846153846152,Casa,2022-23
Inter,31,8.73076923076923,Trasferta,2022-23
Inter,32,8.10344827586207,Casa,2022-23
Inter,33,6.166666666666667,Trasferta,2022-23
Inter,34,12.476190476190476,Trasferta,2022-23
Inter,35,13.055555555555555,Casa,2022-23
Inter,36,22.4,Trasferta,2022-23
Inter,37,18.53333333333333,Casa,2022-23
Inter,38,16.083333333333332,Trasferta,2022-23
Atalanta,1,7.25,Trasferta,2022-23
Atalanta,2,14.545454545454543,Casa,2022-23
Atalanta,3,14.666666666666666,Trasferta,2022-23
Atalanta,4,12.045454545454543,Casa,2022-23
Atalanta,5,11.714285714285714,Trasferta,2022-23
Atalanta,6,6.592592592592593,Casa,2022-23
Atalanta,7,7.9743589743589745,Trasferta,2022-23
Atalanta,8,11.51851851851852,Casa,2022-23
Atalanta,9,13.909090909090908,Trasferta,2022-23
Atalanta,10,13.727272727272728,Casa,2022-23
Atalanta,11,15.076923076923077,Casa,2022-23
Atalanta,12,8.9,Trasferta,2022-23
Atalanta,13,13.75,Casa,2022-23
Atalanta,14,5.409090909090909,Trasferta,2022-23
Atalanta,15,19.466666666666665,Casa,2022-23
Atalanta,16,4.923076923076923,Trasferta,2022-23
Atalanta,17,10.923076923076923,Trasferta,2022-23
Atalanta,18,11.0,Casa,2022-23
Atalanta,19,12.26086956521739,Trasferta,2022-23
Atalanta,20,10.0,Casa,2022-23
Atalanta,21,15.0,Trasferta,2022-23
Atalanta,22,20.473684210526315,Trasferta,2022-23
Atalanta,23,5.7,Casa,2022-23
Atalanta,24,13.565217391304348,Trasferta,2022-23
Atalanta,25,5.961538461538462,Casa,2022-23
Atalanta,26,25.142857142857142,Trasferta,2022-23
Atalanta,27,5.230769230769231,Casa,2022-23
Atalanta,28,12.11111111111111,Trasferta,2022-23
Atalanta,29,15.333333333333334,Casa,2022-23
Atalanta,30,10.16,Trasferta,2022-23
Atalanta,31,14.130434782608695,Casa,2022-23
Atalanta,32,34.90909090909091,Trasferta,2022-23
Atalanta,33,7.705882352941177,Casa,2022-23
Atalanta,34,5.333333333333333,Casa,2022-23
Atalanta,35,8.515151515151516,Trasferta,2022-23
Atalanta,36,11.0,Casa,2022-23
Atalanta,37,14.5,Trasferta,2022-23
Atalanta,38,17.77777777777778,Casa,2022-23
Empoli,1,11.411764705882351,Trasferta,2022-23
Empoli,2,13.19047619047619,Casa,2022-23
Empoli,3,12.9,Trasferta,2022-23
Empoli,4,9.352941176470589,Casa,2022-23
Empoli,5,13.210526315789474,Trasferta,2022-23
Empoli,6,8.434782608695652,Casa,2022-23
Empoli,7,8.375,Trasferta,2022-23
Empoli,8,10.22222222222222,Casa,2022-23
Empoli,9,33.0,Trasferta,2022-23
Empoli,10,12.0,Casa,2022-23
Empoli,11,11.333333333333334,Trasferta,2022-23
Empoli,12,15.0,Casa,2022-23
Empoli,13,11.625,Casa,2022-23
Empoli,14,17.352941176470587,Trasferta,2022-23
Empoli,15,17.916666666666668,Casa,2022-23
Empoli,16,18.125,Trasferta,2022-23
Empoli,17,21.88235294117647,Trasferta,2022-23
Empoli,18,9.807692307692308,Casa,2022-23
Empoli,19,13.285714285714286,Trasferta,2022-23
Empoli,20,11.157894736842104,Casa,2022-23
Empoli,21,10.423076923076923,Trasferta,2022-23
Empoli,22,6.52,Casa,2022-23
Empoli,23,12.0,Trasferta,2022-23
Empoli,24,17.692307692307693,Casa,2022-23
Empoli,25,8.035714285714286,Trasferta,2022-23
Empoli,26,7.272727272727272,Casa,2022-23
Empoli,27,21.153846153846157,Trasferta,2022-23
Empoli,28,7.545454545454546,Casa,2022-23
Empoli,29,38.44444444444444,Trasferta,2022-23
Empoli,30,7.578947368421052,Trasferta,2022-23
Empoli,31,50.71428571428572,Casa,2022-23
Empoli,32,11.521739130434783,Trasferta,2022-23
Empoli,33,19.0,Casa,2022-23
Empoli,34,11.608695652173912,Casa,2022-23
Empoli,35,8.380952380952381,Trasferta,2022-23
Empoli,36,6.682926829268292,Casa,2022-23
Empoli,37,9.294117647058824,Trasferta,2022-23
Empoli,38,22.0,Casa,2022-23
Fiorentina,1,5.352941176470588,Casa,2022-23
Fiorentina,2,5.0625,Trasferta,2022-23
Fiorentina,3,13.52,Casa,2022-23
Fiorentina,4,5.588235294117647,Trasferta,2022-23
Fiorentina,5,7.117647058823529,Casa,2022-23
Fiorentina,6,8.842105263157896,Trasferta,2022-23
Fiorentina,7,6.129032258064516,Casa,2022-23
Fiorentina,8,9.1875,Trasferta,2022-23
Fiorentina,9,5.757575757575758,Casa,2022-23
Fiorentina,10,7.333333333333333,Trasferta,2022-23
Fiorentina,11,12.625,Casa,2022-23
Fiorentina,12,6.92,Trasferta,2022-23
Fiorentina,13,8.785714285714286,Trasferta,2022-23
Fiorentina,14,9.36,Casa,2022-23
Fiorentina,15,10.652173913043478,Trasferta,2022-23
Fiorentina,16,9.666666666666666,Casa,2022-23
Fiorentina,17,8.652173913043478,Casa,2022-23
Fiorentina,18,22.5,Trasferta,2022-23
Fiorentina,19,9.647058823529411,Casa,2022-23
Fiorentina,20,10.678571428571429,Trasferta,2022-23
Fiorentina,21,7.714285714285714,Casa,2022-23
Fiorentina,22,7.15625,Trasferta,2022-23
Fiorentina,23,6.913043478260869,Casa,2022-23
Fiorentina,24,8.916666666666666,Trasferta,2022-23
Fiorentina,25,12.333333333333334,Casa,2022-23
Fiorentina,26,7.52,Trasferta,2022-23
Fiorentina,27,7.318181818181818,Casa,2022-23
Fiorentina,28,17.375,Trasferta,2022-23
Fiorentina,29,4.03125,Casa,2022-23
Fiorentina,30,7.833333333333333,Casa,2022-23
Fiorentina,31,7.535714285714286,Trasferta,2022-23
Fiorentina,32,5.965517241379311,Casa,2022-23
Fiorentina,33,6.724137931034483,Trasferta,2022-23
Fiorentina,34,12.391304347826088,Trasferta,2022-23
Fiorentina,35,9.933333333333334,Casa,2022-23
Fiorentina,36,15.434782608695652,Trasferta,2022-23
Fiorentina,37,11.785714285714286,Casa,2022-23
Fiorentina,38,15.3,Trasferta,2022-23
AC Milan,1,8.666666666666666,Casa,2022-23
AC Milan,2,19.63636363636364,Trasferta,2022-23
AC Milan,3,8.085714285714285,Casa,2022-23
AC Milan,4,7.8125,Trasferta,2022-23
AC Milan,5,10.833333333333334,Casa,2022-23
AC Milan,6,10.958333333333334,Trasferta,2022-23
AC Milan,7,9.035714285714286,Casa,2022-23
AC Milan,8,7.526315789473684,Trasferta,2022-23
AC Milan,9,13.56,Casa,2022-23
AC Milan,10,13.636363636363637,Trasferta,2022-23
AC Milan,11,11.869565217391305,Casa,2022-23
AC Milan,12,7.666666666666667,Trasferta,2022-23
AC Milan,13,5.421052631578948,Casa,2022-23
AC Milan,14,5.611111111111111,Trasferta,2022-23
AC Milan,15,11.0,Casa,2022-23
AC Milan,16,8.722222222222221,Trasferta,2022-23
AC Milan,17,4.571428571428571,Casa,2022-23
AC Milan,18,4.565217391304348,Trasferta,2022-23
AC Milan,19,13.91304347826087,Trasferta,2022-23
AC Milan,20,5.037037037037037,Casa,2022-23
AC Milan,21,21.692307692307693,Trasferta,2022-23
AC Milan,22,10.407407407407408,Casa,2022-23
AC Milan,23,12.25,Trasferta,2022-23
AC Milan,24,12.409090909090908,Casa,2022-23
AC Milan,25,10.263157894736842,Trasferta,2022-23
AC Milan,26,5.5,Casa,2022-23
AC Milan,27,6.636363636363637,Trasferta,2022-23
AC Milan,28,15.347826086956522,Trasferta,2022-23
AC Milan,29,6.76,Casa,2022-23
AC Milan,30,8.928571428571429,Trasferta,2022-23
AC Milan,31,10.76923076923077,Casa,2022-23
AC Milan,32,9.705882352941176,Trasferta,2022-23
AC Milan,33,3.882352941176471,Casa,2022-23
AC Milan,34,11.06896551724138,Casa,2022-23
AC Milan,35,8.357142857142858,Trasferta,2022-23
AC Milan,36,10.956521739130435,Casa,2022-23
AC Milan,37,12.411764705882351,Trasferta,2022-23
AC Milan,38,4.642857142857143,Casa,2022-23
Torino,1,11.76,Trasferta,2022-23
Torino,2,16.0,Casa,2022-23
Torino,3,8.041666666666666,Trasferta,2022-23
Torino,4,7.56,Trasferta,2022-23
Torino,5,8.35,Casa,2022-23
Torino,6,11.185185185185183,Trasferta,2022-23
Torino,7,10.95,Casa,2022-23
Torino,8,10.37037037037037,Trasferta,2022-23
Torino,9,5.423076923076923,Casa,2022-23
Torino,10,14.125,Casa,2022-23
Torino,11,10.476190476190476,Trasferta,2022-23
Torino,12,16.133333333333333,Casa,2022-23
Torino,13,15.05,Trasferta,2022-23
Torino,14,9.2,Casa,2022-23
Torino,15,14.058823529411764,Trasferta,2022-23
Torino,16,9.0,Casa,2022-23
Torino,17,8.647058823529411,Trasferta,2022-23
Torino,18,9.142857142857142,Casa,2022-23
Torino,19,12.76,Trasferta,2022-23
Torino,20,15.571428571428571,Trasferta,2022-23
Torino,21,10.052631578947368,Casa,2022-23
Torino,22,7.962962962962963,Trasferta,2022-23
Torino,23,10.142857142857142,Casa,2022-23
Torino,24,11.285714285714286,Trasferta,2022-23
Torino,25,14.565217391304348,Casa,2022-23
Torino,26,14.4,Trasferta,2022-23
Torino,27,14.05,Casa,2022-23
Torino,28,21.5,Trasferta,2022-23
Torino,29,10.416666666666666,Casa,2022-23
Torino,30,10.8,Casa,2022-23
Torino,31,18.0,Trasferta,2022-23
Torino,32,16.428571428571427,Casa,2022-23
Torino,33,18.923076923076923,Trasferta,2022-23
Torino,34,12.9,Casa,2022-23
Torino,35,6.535714285714286,Trasferta,2022-23
Torino,36,10.789473684210526,Casa,2022-23
Torino,37,6.105263157894737,Trasferta,2022-23
Torino,38,30.357142857142858,Casa,2022-23
Lecce,1,17.25,Casa,2022-23
Lecce,2,14.217391304347826,Trasferta,2022-23
Lecce,3,11.708333333333334,Casa,2022-23
Lecce,4,10.82857142857143,Trasferta,2022-23
Lecce,5,13.789473684210526,Trasferta,2022-23
Lecce,6,7.08,Casa,2022-23
Lecce,7,21.4,Trasferta,2022-23
Lecce,8,11.23076923076923,Casa,2022-23
Lecce,9,19.11764705882353,Trasferta,2022-23
Lecce,10,11.75,Casa,2022-23
Lecce,11,13.411764705882351,Trasferta,2022-23
Lecce,12,21.0,Casa,2022-23
Lecce,13,7.0,Trasferta,2022-23
Lecce,14,8.484848484848484,Casa,2022-23
Lecce,15,6.25,Trasferta,2022-23
Lecce,16,10.47222222222222,Casa,2022-23
Lecce,17,8.4,Trasferta,2022-23
Lecce,18,14.333333333333334,Casa,2022-23
Lecce,19,5.7407407407407405,Trasferta,2022-23
Lecce,20,6.115384615384615,Casa,2022-23
Lecce,21,10.4375,Trasferta,2022-23
Lecce,22,7.685714285714286,Casa,2022-23
Lecce,23,11.703703703703704,Trasferta,2022-23
Lecce,24,7.6571428571428575,Casa,2022-23
Lecce,25,17.555555555555557,Trasferta,2022-23
Lecce,26,7.038461538461538,Casa,2022-23
Lecce,27,9.076923076923077,Trasferta,2022-23
Lecce,28,9.125,Trasferta,2022-23
Lecce,29,24.33333333333333,Casa,2022-23
Lecce,30,9.466666666666669,Casa,2022-23
Lecce,31,16.583333333333332,Trasferta,2022-23
Lecce,32,10.033333333333331,Casa,2022-23
Lecce,33,15.35,Trasferta,2022-23
Lecce,34,8.722222222222221,Casa,2022-23
Lecce,35,15.142857142857142,Trasferta,2022-23
Lecce,36,10.217391304347826,Casa,2022-23
Lecce,37,18.04,Trasferta,2022-23
Lecce,38,19.55,Casa,2022-23
Spezia,1,7.6571428571428575,Casa,2022-23
Spezia,2,37.55555555555556,Trasferta,2022-23
Spezia,3,12.083333333333334,Casa,2022-23
Spezia,4,13.91304347826087,Trasferta,2022-23
Spezia,5,14.36842105263158,Casa,2022-23
Spezia,6,15.833333333333334,Trasferta,2022-23
Spezia,7,4.878787878787879,Casa,2022-23
Spezia,8,17.043478260869566,Trasferta,2022-23
Spezia,9,8.84,Trasferta,2022-23
Spezia,10,6.37037037037037,Casa,2022-23
Spezia,11,8.523809523809524,Trasferta,2022-23
Spezia,12,6.954545454545454,Casa,2022-23
Spezia,13,9.541666666666666,Trasferta,2022-23
Spezia,14,14.0,Casa,2022-23
Spezia,15,5.461538461538462,Trasferta,2022-23
Spezia,16,15.6,Casa,2022-23
Spezia,17,6.857142857142857,Casa,2022-23
Spezia,18,22.133333333333333,Trasferta,2022-23
Spezia,19,9.088235294117649,Casa,2022-23
Spezia,20,12.875,Trasferta,2022-23
Spezia,21,13.22222222222222,Casa,2022-23
Spezia,22,23.066666666666663,Trasferta,2022-23
Spezia,23,6.46875,Casa,2022-23
Spezia,24,8.62962962962963,Trasferta,2022-23
Spezia,25,5.846153846153846,Casa,2022-23
Spezia,26,15.823529411764708,Casa,2022-23
Spezia,27,9.458333333333334,Trasferta,2022-23
Spezia,28,7.269230769230769,Casa,2022-23
Spezia,29,5.105263157894737,Trasferta,2022-23
Spezia,30,15.217391304347826,Casa,2022-23
Spezia,31,8.478260869565217,Trasferta,2022-23
Spezia,32,19.294117647058822,Casa,2022-23
Spezia,33,19.75,Trasferta,2022-23
Spezia,34,7.2105263157894735,Trasferta,2022-23
Spezia,35,11.473684210526317,Casa,2022-23
Spezia,36,6.65,Trasferta,2022-23
Spezia,37,9.578947368421051,Casa,2022-23
Spezia,38,18.352941176470587,Trasferta,2022-23
Salernitana,1,9.06896551724138,Casa,2022-23
Salernitana,2,7.037037037037037,Trasferta,2022-23
Salernitana,3,11.464285714285714,Casa,2022-23
Salernitana,4,7.84,Trasferta,2022-23
Salernitana,5,10.083333333333334,Casa,2022-23
Salernitana,6,16.666666666666668,Trasferta,2022-23
Salernitana,7,13.3125,Casa,2022-23
Salernitana,8,16.0,Trasferta,2022-23
Salernitana,9,12.5,Casa,2022-23
Salernitana,10,21.866666666666667,Trasferta,2022-23
Salernitana,11,14.333333333333334,Casa,2022-23
Salernitana,12,26.4,Trasferta,2022-23
Salernitana,13,13.466666666666669,Casa,2022-23
Salernitana,14,19.928571428571427,Trasferta,2022-23
Salernitana,15,24.4,Trasferta,2022-23
Salernitana,16,9.956521739130435,Casa,2022-23
Salernitana,17,17.266666666666666,Casa,2022-23
Salernitana,18,27.75,Trasferta,2022-23
Salernitana,19,35.84615384615385,Casa,2022-23
Salernitana,20,10.77777777777778,Trasferta,2022-23
Salernitana,21,10.714285714285714,Casa,2022-23
Salernitana,22,4.258064516129032,Trasferta,2022-23
Salernitana,23,23.42105263157895,Casa,2022-23
Salernitana,24,22.0,Casa,2022-23
Salernitana,25,10.26086956521739,Trasferta,2022-23
Salernitana,26,15.142857142857142,Trasferta,2022-23
Salernitana,27,28.46153846153846,Casa,2022-23
Salernitana,28,7.92,Trasferta,2022-23
Salernitana,29,21.8125,Casa,2022-23
Salernitana,30,15.19047619047619,Trasferta,2022-23
Salernitana,31,21.454545454545453,Casa,2022-23
Salernitana,32,19.4375,Trasferta,2022-23
Salernitana,33,7.6923076923076925,Casa,2022-23
Salernitana,34,9.703703703703704,Trasferta,2022-23
Salernitana,35,16.58823529411765,Casa,2022-23
Salernitana,36,21.466666666666665,Trasferta,2022-23
Salernitana,37,9.20689655172414,Casa,2022-23
Salernitana,38,12.25,Trasferta,2022-23
Monza,1,11.210526315789474,Casa,2022-23
Monza,2,13.61904761904762,Trasferta,2022-23
Monza,3,9.142857142857142,Casa,2022-23
Monza,4,12.6,Trasferta,2022-23
Monza,5,9.263157894736842,Casa,2022-23
Monza,6,8.36,Trasferta,2022-23
Monza,7,7.166666666666667,Casa,2022-23
Monza,8,7.481481481481482,Trasferta,2022-23
Monza,9,15.11111111111111,Casa,2022-23
Monza,10,6.275862068965517,Trasferta,2022-23
Monza,11,15.052631578947368,Trasferta,2022-23
Monza,12,13.947368421052632,Casa,2022-23
Monza,13,6.727272727272728,Casa,2022-23
Monza,14,18.125,Trasferta,2022-23
Monza,15,13.88888888888889,Casa,2022-23
Monza,16,14.833333333333334,Trasferta,2022-23
Monza,17,17.071428571428573,Casa,2022-23
Monza,18,10.666666666666666,Trasferta,2022-23
Monza,19,5.225806451612903,Casa,2022-23
Monza,20,25.6,Trasferta,2022-23
Monza,21,6.3,Casa,2022-23
Monza,22,15.875,Trasferta,2022-23
Monza,23,7.413793103448276,Casa,2022-23
Monza,24,9.782608695652174,Trasferta,2022-23
Monza,25,20.53846153846154,Casa,2022-23
Monza,26,9.857142857142858,Trasferta,2022-23
Monza,27,10.666666666666666,Casa,2022-23
Monza,28,14.0,Casa,2022-23
Monza,29,5.918918918918919,Trasferta,2022-23
Monza,30,24.5,Trasferta,2022-23
Monza,31,11.526315789473683,Casa,2022-23
Monza,32,8.346153846153847,Trasferta,2022-23
Monza,33,15.583333333333334,Casa,2022-23
Monza,34,18.285714285714285,Trasferta,2022-23
Monza,35,23.6,Casa,2022-23
Monza,36,14.25,Trasferta,2022-23
Monza,37,6.166666666666667,Casa,2022-23
Monza,38,18.714285714285715,Trasferta,2022-23
Cremonese,1,14.173913043478262,Trasferta,2022-23
Cremonese,2,7.035714285714286,Trasferta,2022-23
Cremonese,3,5.407407407407407,Casa,2022-23
Cremonese,4,12.166666666666666,Trasferta,2022-23
Cremonese,5,10.541666666666666,Casa,2022-23
Cremonese,6,8.925925925925926,Trasferta,2022-23
Cremonese,7,10.77777777777778,Casa,2022-23
Cremonese,8,8.695652173913043,Trasferta,2022-23
Cremonese,9,17.5,Casa,2022-23
Cremonese,10,8.565217391304348,Trasferta,2022-23
Cremonese,11,8.5,Casa,2022-23
Cremonese,12,16.41176470588235,Casa,2022-23
Cremonese,13,9.5,Trasferta,2022-23
Cremonese,14,21.375,Casa,2022-23
Cremonese,15,14.470588235294118,Trasferta,2022-23
Cremonese,16,16.933333333333334,Casa,2022-23
Cremonese,17,9.27777777777778,Trasferta,2022-23
Cremonese,18,8.0,Casa,2022-23
Cremonese,19,19.57894736842105,Trasferta,2022-23
Cremonese,20,36.22222222222222,Casa,2022-23
Cremonese,21,10.125,Casa,2022-23
Cremonese,22,21.9,Trasferta,2022-23
Cremonese,23,17.105263157894736,Trasferta,2022-23
Cremonese,24,11.057142857142855,Casa,2022-23
Cremonese,25,10.166666666666666,Trasferta,2022-23
Cremonese,26,13.11111111111111,Casa,2022-23
Cremonese,27,15.178571428571429,Trasferta,2022-23
Cremonese,28,13.173913043478262,Casa,2022-23
Cremonese,29,9.44,Trasferta,2022-23
Cremonese,30,18.2,Casa,2022-23
Cremonese,31,10.208333333333334,Trasferta,2022-23
Cremonese,32,11.333333333333334,Casa,2022-23
Cremonese,33,17.807692307692307,Trasferta,2022-23
Cremonese,34,27.58333333333333,Casa,2022-23
Cremonese,35,23.9375,Trasferta,2022-23
Cremonese,36,16.62962962962963,Casa,2022-23
Cremonese,37,30.4,Trasferta,2022-23
Cremonese,38,12.866666666666667,Casa,2022-23
